Bus ID,Max Real Power Output,Min Real Power Output,Max React Power Output,Min React Power Output,Real Power Output,React Power Output
6.0,100.0,0.0,24.0,-6.0,65,-5
8.0,100.0,0.0,24.0,-6.0,78,21
6.0,100.0,0.0,24.0,-6.0,96,18
8.0,100.0,0.0,24.0,-6.0,85,-3
6.0,100.0,0.0,24.0,-6.0,64,0
8.0,100.0,0.0,24.0,-6.0,95,-2
6.0,100.0,0.0,24.0,-6.0,83,-6
8.0,100.0,0.0,24.0,-6.0,17,7
6.0,100.0,0.0,24.0,-6.0,33,18
8.0,100.0,0.0,24.0,-6.0,18,-6
6.0,100.0,0.0,24.0,-6.0,94,6
8.0,100.0,0.0,24.0,-6.0,84,0
6.0,100.0,0.0,24.0,-6.0,9,16
8.0,100.0,0.0,24.0,-6.0,14,12
6.0,100.0,0.0,24.0,-6.0,56,13
8.0,100.0,0.0,24.0,-6.0,29,18
6.0,100.0,0.0,24.0,-6.0,47,16
8.0,100.0,0.0,24.0,-6.0,34,22
6.0,100.0,0.0,24.0,-6.0,84,12
8.0,100.0,0.0,24.0,-6.0,3,12
6.0,100.0,0.0,24.0,-6.0,67,18
8.0,100.0,0.0,24.0,-6.0,71,20
6.0,100.0,0.0,24.0,-6.0,61,-3
8.0,100.0,0.0,24.0,-6.0,76,10
6.0,100.0,0.0,24.0,-6.0,11,22
8.0,100.0,0.0,24.0,-6.0,48,13
6.0,100.0,0.0,24.0,-6.0,21,18
8.0,100.0,0.0,24.0,-6.0,1,13
6.0,100.0,0.0,24.0,-6.0,42,17
8.0,100.0,0.0,24.0,-6.0,69,10
6.0,100.0,0.0,24.0,-6.0,17,22
8.0,100.0,0.0,24.0,-6.0,95,19
6.0,100.0,0.0,24.0,-6.0,74,21
8.0,100.0,0.0,24.0,-6.0,34,5
6.0,100.0,0.0,24.0,-6.0,94,7
8.0,100.0,0.0,24.0,-6.0,19,5
6.0,100.0,0.0,24.0,-6.0,84,1
8.0,100.0,0.0,24.0,-6.0,68,12
6.0,100.0,0.0,24.0,-6.0,27,1
8.0,100.0,0.0,24.0,-6.0,13,16
6.0,100.0,0.0,24.0,-6.0,58,0
8.0,100.0,0.0,24.0,-6.0,97,6
6.0,100.0,0.0,24.0,-6.0,57,1
8.0,100.0,0.0,24.0,-6.0,39,5
6.0,100.0,0.0,24.0,-6.0,8,13
8.0,100.0,0.0,24.0,-6.0,89,20
6.0,100.0,0.0,24.0,-6.0,78,0
8.0,100.0,0.0,24.0,-6.0,85,-1
6.0,100.0,0.0,24.0,-6.0,15,18
8.0,100.0,0.0,24.0,-6.0,38,22
6.0,100.0,0.0,24.0,-6.0,43,-4
8.0,100.0,0.0,24.0,-6.0,69,22
6.0,100.0,0.0,24.0,-6.0,50,-4
8.0,100.0,0.0,24.0,-6.0,93,20
6.0,100.0,0.0,24.0,-6.0,20,-4
8.0,100.0,0.0,24.0,-6.0,94,0
6.0,100.0,0.0,24.0,-6.0,17,12
8.0,100.0,0.0,24.0,-6.0,73,4
6.0,100.0,0.0,24.0,-6.0,27,-4
8.0,100.0,0.0,24.0,-6.0,73,0
6.0,100.0,0.0,24.0,-6.0,81,7
8.0,100.0,0.0,24.0,-6.0,16,13
6.0,100.0,0.0,24.0,-6.0,40,5
8.0,100.0,0.0,24.0,-6.0,0,12
6.0,100.0,0.0,24.0,-6.0,83,12
8.0,100.0,0.0,24.0,-6.0,0,-4
6.0,100.0,0.0,24.0,-6.0,67,20
8.0,100.0,0.0,24.0,-6.0,21,14
6.0,100.0,0.0,24.0,-6.0,21,7
8.0,100.0,0.0,24.0,-6.0,23,-1
6.0,100.0,0.0,24.0,-6.0,65,3
8.0,100.0,0.0,24.0,-6.0,62,-3
6.0,100.0,0.0,24.0,-6.0,62,22
8.0,100.0,0.0,24.0,-6.0,75,-1
6.0,100.0,0.0,24.0,-6.0,58,19
8.0,100.0,0.0,24.0,-6.0,35,18
6.0,100.0,0.0,24.0,-6.0,0,9
8.0,100.0,0.0,24.0,-6.0,69,13
6.0,100.0,0.0,24.0,-6.0,65,14
8.0,100.0,0.0,24.0,-6.0,42,3
6.0,100.0,0.0,24.0,-6.0,76,1
8.0,100.0,0.0,24.0,-6.0,99,-2
6.0,100.0,0.0,24.0,-6.0,59,15
8.0,100.0,0.0,24.0,-6.0,85,-5
6.0,100.0,0.0,24.0,-6.0,78,10
8.0,100.0,0.0,24.0,-6.0,7,21
6.0,100.0,0.0,24.0,-6.0,26,15
8.0,100.0,0.0,24.0,-6.0,73,11
6.0,100.0,0.0,24.0,-6.0,64,8
8.0,100.0,0.0,24.0,-6.0,0,7
6.0,100.0,0.0,24.0,-6.0,94,10
8.0,100.0,0.0,24.0,-6.0,53,16
6.0,100.0,0.0,24.0,-6.0,99,15
8.0,100.0,0.0,24.0,-6.0,19,12
6.0,100.0,0.0,24.0,-6.0,26,8
8.0,100.0,0.0,24.0,-6.0,37,9
6.0,100.0,0.0,24.0,-6.0,69,0
8.0,100.0,0.0,24.0,-6.0,20,11
6.0,100.0,0.0,24.0,-6.0,74,-1
8.0,100.0,0.0,24.0,-6.0,36,12
6.0,100.0,0.0,24.0,-6.0,53,1
8.0,100.0,0.0,24.0,-6.0,89,10
6.0,100.0,0.0,24.0,-6.0,55,4
8.0,100.0,0.0,24.0,-6.0,51,13
6.0,100.0,0.0,24.0,-6.0,20,6
8.0,100.0,0.0,24.0,-6.0,16,-3
6.0,100.0,0.0,24.0,-6.0,63,1
8.0,100.0,0.0,24.0,-6.0,7,-3
6.0,100.0,0.0,24.0,-6.0,7,5
8.0,100.0,0.0,24.0,-6.0,36,0
6.0,100.0,0.0,24.0,-6.0,68,9
8.0,100.0,0.0,24.0,-6.0,35,10
6.0,100.0,0.0,24.0,-6.0,70,0
8.0,100.0,0.0,24.0,-6.0,45,5
6.0,100.0,0.0,24.0,-6.0,38,2
8.0,100.0,0.0,24.0,-6.0,32,-2
6.0,100.0,0.0,24.0,-6.0,94,20
8.0,100.0,0.0,24.0,-6.0,0,9
6.0,100.0,0.0,24.0,-6.0,78,20
8.0,100.0,0.0,24.0,-6.0,66,-3
6.0,100.0,0.0,24.0,-6.0,4,15
8.0,100.0,0.0,24.0,-6.0,79,19
6.0,100.0,0.0,24.0,-6.0,45,16
8.0,100.0,0.0,24.0,-6.0,29,14
6.0,100.0,0.0,24.0,-6.0,96,15
8.0,100.0,0.0,24.0,-6.0,18,1
6.0,100.0,0.0,24.0,-6.0,40,17
8.0,100.0,0.0,24.0,-6.0,68,20
6.0,100.0,0.0,24.0,-6.0,50,16
8.0,100.0,0.0,24.0,-6.0,92,6
6.0,100.0,0.0,24.0,-6.0,57,13
8.0,100.0,0.0,24.0,-6.0,39,5
6.0,100.0,0.0,24.0,-6.0,58,14
8.0,100.0,0.0,24.0,-6.0,13,11
6.0,100.0,0.0,24.0,-6.0,43,9
8.0,100.0,0.0,24.0,-6.0,24,6
6.0,100.0,0.0,24.0,-6.0,99,8
8.0,100.0,0.0,24.0,-6.0,76,-6
6.0,100.0,0.0,24.0,-6.0,62,-2
8.0,100.0,0.0,24.0,-6.0,77,-2
6.0,100.0,0.0,24.0,-6.0,44,14
8.0,100.0,0.0,24.0,-6.0,58,13
6.0,100.0,0.0,24.0,-6.0,23,2
8.0,100.0,0.0,24.0,-6.0,68,0
6.0,100.0,0.0,24.0,-6.0,28,-5
8.0,100.0,0.0,24.0,-6.0,25,21
6.0,100.0,0.0,24.0,-6.0,25,-2
8.0,100.0,0.0,24.0,-6.0,2,18
6.0,100.0,0.0,24.0,-6.0,71,13
8.0,100.0,0.0,24.0,-6.0,94,8
6.0,100.0,0.0,24.0,-6.0,39,-3
8.0,100.0,0.0,24.0,-6.0,46,10
6.0,100.0,0.0,24.0,-6.0,21,-3
8.0,100.0,0.0,24.0,-6.0,85,8
6.0,100.0,0.0,24.0,-6.0,40,18
8.0,100.0,0.0,24.0,-6.0,42,-5
6.0,100.0,0.0,24.0,-6.0,11,13
8.0,100.0,0.0,24.0,-6.0,96,23
6.0,100.0,0.0,24.0,-6.0,41,-3
8.0,100.0,0.0,24.0,-6.0,15,7
6.0,100.0,0.0,24.0,-6.0,27,-4
8.0,100.0,0.0,24.0,-6.0,71,1
6.0,100.0,0.0,24.0,-6.0,14,10
8.0,100.0,0.0,24.0,-6.0,43,17
6.0,100.0,0.0,24.0,-6.0,35,22
8.0,100.0,0.0,24.0,-6.0,11,-1
6.0,100.0,0.0,24.0,-6.0,31,14
8.0,100.0,0.0,24.0,-6.0,10,1
6.0,100.0,0.0,24.0,-6.0,9,-2
8.0,100.0,0.0,24.0,-6.0,5,14
6.0,100.0,0.0,24.0,-6.0,90,20
8.0,100.0,0.0,24.0,-6.0,87,17
6.0,100.0,0.0,24.0,-6.0,48,17
8.0,100.0,0.0,24.0,-6.0,81,-6
6.0,100.0,0.0,24.0,-6.0,5,14
8.0,100.0,0.0,24.0,-6.0,62,18
6.0,100.0,0.0,24.0,-6.0,68,8
8.0,100.0,0.0,24.0,-6.0,1,5
6.0,100.0,0.0,24.0,-6.0,82,8
8.0,100.0,0.0,24.0,-6.0,11,-1
6.0,100.0,0.0,24.0,-6.0,98,23
8.0,100.0,0.0,24.0,-6.0,27,5
6.0,100.0,0.0,24.0,-6.0,18,20
8.0,100.0,0.0,24.0,-6.0,21,-6
6.0,100.0,0.0,24.0,-6.0,9,18
8.0,100.0,0.0,24.0,-6.0,21,0
6.0,100.0,0.0,24.0,-6.0,61,-5
8.0,100.0,0.0,24.0,-6.0,22,4
6.0,100.0,0.0,24.0,-6.0,23,12
8.0,100.0,0.0,24.0,-6.0,92,-3
6.0,100.0,0.0,24.0,-6.0,16,5
8.0,100.0,0.0,24.0,-6.0,27,18
6.0,100.0,0.0,24.0,-6.0,65,7
8.0,100.0,0.0,24.0,-6.0,38,15
6.0,100.0,0.0,24.0,-6.0,76,1
8.0,100.0,0.0,24.0,-6.0,52,0
6.0,100.0,0.0,24.0,-6.0,19,12
8.0,100.0,0.0,24.0,-6.0,85,-5
6.0,100.0,0.0,24.0,-6.0,75,-5
8.0,100.0,0.0,24.0,-6.0,85,-4
6.0,100.0,0.0,24.0,-6.0,97,21
8.0,100.0,0.0,24.0,-6.0,12,-1
6.0,100.0,0.0,24.0,-6.0,68,-5
8.0,100.0,0.0,24.0,-6.0,7,17
6.0,100.0,0.0,24.0,-6.0,57,-2
8.0,100.0,0.0,24.0,-6.0,11,10
6.0,100.0,0.0,24.0,-6.0,83,-5
8.0,100.0,0.0,24.0,-6.0,97,2
6.0,100.0,0.0,24.0,-6.0,87,1
8.0,100.0,0.0,24.0,-6.0,86,23
6.0,100.0,0.0,24.0,-6.0,57,15
8.0,100.0,0.0,24.0,-6.0,78,12
6.0,100.0,0.0,24.0,-6.0,0,4
8.0,100.0,0.0,24.0,-6.0,24,16
6.0,100.0,0.0,24.0,-6.0,62,5
8.0,100.0,0.0,24.0,-6.0,77,0
6.0,100.0,0.0,24.0,-6.0,52,22
8.0,100.0,0.0,24.0,-6.0,50,2
6.0,100.0,0.0,24.0,-6.0,48,10
8.0,100.0,0.0,24.0,-6.0,89,7
6.0,100.0,0.0,24.0,-6.0,66,3
8.0,100.0,0.0,24.0,-6.0,29,8
6.0,100.0,0.0,24.0,-6.0,65,17
8.0,100.0,0.0,24.0,-6.0,54,19
6.0,100.0,0.0,24.0,-6.0,94,19
8.0,100.0,0.0,24.0,-6.0,32,21
6.0,100.0,0.0,24.0,-6.0,23,15
8.0,100.0,0.0,24.0,-6.0,41,15
6.0,100.0,0.0,24.0,-6.0,41,-3
8.0,100.0,0.0,24.0,-6.0,4,20
6.0,100.0,0.0,24.0,-6.0,69,-6
8.0,100.0,0.0,24.0,-6.0,14,3
6.0,100.0,0.0,24.0,-6.0,45,12
8.0,100.0,0.0,24.0,-6.0,96,21
6.0,100.0,0.0,24.0,-6.0,73,7
8.0,100.0,0.0,24.0,-6.0,80,-5
6.0,100.0,0.0,24.0,-6.0,70,8
8.0,100.0,0.0,24.0,-6.0,75,10
6.0,100.0,0.0,24.0,-6.0,94,2
8.0,100.0,0.0,24.0,-6.0,59,-2
6.0,100.0,0.0,24.0,-6.0,25,4
8.0,100.0,0.0,24.0,-6.0,26,21
6.0,100.0,0.0,24.0,-6.0,8,22
8.0,100.0,0.0,24.0,-6.0,42,-1
6.0,100.0,0.0,24.0,-6.0,37,-1
8.0,100.0,0.0,24.0,-6.0,48,9
6.0,100.0,0.0,24.0,-6.0,68,15
8.0,100.0,0.0,24.0,-6.0,40,16
6.0,100.0,0.0,24.0,-6.0,78,22
8.0,100.0,0.0,24.0,-6.0,44,-3
6.0,100.0,0.0,24.0,-6.0,45,22
8.0,100.0,0.0,24.0,-6.0,8,17
6.0,100.0,0.0,24.0,-6.0,19,12
8.0,100.0,0.0,24.0,-6.0,97,7
6.0,100.0,0.0,24.0,-6.0,78,10
8.0,100.0,0.0,24.0,-6.0,7,0
6.0,100.0,0.0,24.0,-6.0,10,21
8.0,100.0,0.0,24.0,-6.0,94,20
6.0,100.0,0.0,24.0,-6.0,84,1
8.0,100.0,0.0,24.0,-6.0,78,0
6.0,100.0,0.0,24.0,-6.0,76,-1
8.0,100.0,0.0,24.0,-6.0,15,3
6.0,100.0,0.0,24.0,-6.0,54,20
8.0,100.0,0.0,24.0,-6.0,82,22
6.0,100.0,0.0,24.0,-6.0,72,6
8.0,100.0,0.0,24.0,-6.0,22,18
6.0,100.0,0.0,24.0,-6.0,50,14
8.0,100.0,0.0,24.0,-6.0,75,-1
6.0,100.0,0.0,24.0,-6.0,57,23
8.0,100.0,0.0,24.0,-6.0,33,18
6.0,100.0,0.0,24.0,-6.0,63,20
8.0,100.0,0.0,24.0,-6.0,8,19
6.0,100.0,0.0,24.0,-6.0,72,16
8.0,100.0,0.0,24.0,-6.0,95,1
6.0,100.0,0.0,24.0,-6.0,58,14
8.0,100.0,0.0,24.0,-6.0,20,2
6.0,100.0,0.0,24.0,-6.0,70,14
8.0,100.0,0.0,24.0,-6.0,80,14
6.0,100.0,0.0,24.0,-6.0,0,6
8.0,100.0,0.0,24.0,-6.0,6,17
6.0,100.0,0.0,24.0,-6.0,84,23
8.0,100.0,0.0,24.0,-6.0,5,22
6.0,100.0,0.0,24.0,-6.0,65,-3
8.0,100.0,0.0,24.0,-6.0,10,19
6.0,100.0,0.0,24.0,-6.0,8,7
8.0,100.0,0.0,24.0,-6.0,58,-6
6.0,100.0,0.0,24.0,-6.0,2,14
8.0,100.0,0.0,24.0,-6.0,66,-5
6.0,100.0,0.0,24.0,-6.0,81,11
8.0,100.0,0.0,24.0,-6.0,19,19
6.0,100.0,0.0,24.0,-6.0,40,13
8.0,100.0,0.0,24.0,-6.0,25,19
6.0,100.0,0.0,24.0,-6.0,86,19
8.0,100.0,0.0,24.0,-6.0,12,3
6.0,100.0,0.0,24.0,-6.0,48,11
8.0,100.0,0.0,24.0,-6.0,55,-4
6.0,100.0,0.0,24.0,-6.0,36,14
8.0,100.0,0.0,24.0,-6.0,88,22
6.0,100.0,0.0,24.0,-6.0,82,4
8.0,100.0,0.0,24.0,-6.0,68,3
6.0,100.0,0.0,24.0,-6.0,99,18
8.0,100.0,0.0,24.0,-6.0,14,6
6.0,100.0,0.0,24.0,-6.0,56,-1
8.0,100.0,0.0,24.0,-6.0,33,12
6.0,100.0,0.0,24.0,-6.0,64,23
8.0,100.0,0.0,24.0,-6.0,52,12
6.0,100.0,0.0,24.0,-6.0,18,-1
8.0,100.0,0.0,24.0,-6.0,36,4
6.0,100.0,0.0,24.0,-6.0,90,-4
8.0,100.0,0.0,24.0,-6.0,52,20
6.0,100.0,0.0,24.0,-6.0,85,10
8.0,100.0,0.0,24.0,-6.0,60,-4
6.0,100.0,0.0,24.0,-6.0,72,15
8.0,100.0,0.0,24.0,-6.0,45,13
6.0,100.0,0.0,24.0,-6.0,74,19
8.0,100.0,0.0,24.0,-6.0,29,12
6.0,100.0,0.0,24.0,-6.0,96,-5
8.0,100.0,0.0,24.0,-6.0,92,21
6.0,100.0,0.0,24.0,-6.0,56,19
8.0,100.0,0.0,24.0,-6.0,96,22
6.0,100.0,0.0,24.0,-6.0,38,21
8.0,100.0,0.0,24.0,-6.0,28,12
6.0,100.0,0.0,24.0,-6.0,33,5
8.0,100.0,0.0,24.0,-6.0,42,14
6.0,100.0,0.0,24.0,-6.0,43,20
8.0,100.0,0.0,24.0,-6.0,41,14
6.0,100.0,0.0,24.0,-6.0,9,8
8.0,100.0,0.0,24.0,-6.0,6,3
6.0,100.0,0.0,24.0,-6.0,15,-4
8.0,100.0,0.0,24.0,-6.0,65,13
6.0,100.0,0.0,24.0,-6.0,36,-6
8.0,100.0,0.0,24.0,-6.0,36,16
6.0,100.0,0.0,24.0,-6.0,16,13
8.0,100.0,0.0,24.0,-6.0,90,-2
6.0,100.0,0.0,24.0,-6.0,49,14
8.0,100.0,0.0,24.0,-6.0,85,10
6.0,100.0,0.0,24.0,-6.0,56,21
8.0,100.0,0.0,24.0,-6.0,53,18
6.0,100.0,0.0,24.0,-6.0,32,6
8.0,100.0,0.0,24.0,-6.0,84,9
6.0,100.0,0.0,24.0,-6.0,83,19
8.0,100.0,0.0,24.0,-6.0,80,23
6.0,100.0,0.0,24.0,-6.0,45,22
8.0,100.0,0.0,24.0,-6.0,41,2
6.0,100.0,0.0,24.0,-6.0,51,7
8.0,100.0,0.0,24.0,-6.0,88,-4
6.0,100.0,0.0,24.0,-6.0,50,2
8.0,100.0,0.0,24.0,-6.0,14,22
6.0,100.0,0.0,24.0,-6.0,46,-5
8.0,100.0,0.0,24.0,-6.0,12,-6
6.0,100.0,0.0,24.0,-6.0,8,-6
8.0,100.0,0.0,24.0,-6.0,68,14
6.0,100.0,0.0,24.0,-6.0,99,4
8.0,100.0,0.0,24.0,-6.0,27,22
6.0,100.0,0.0,24.0,-6.0,22,16
8.0,100.0,0.0,24.0,-6.0,13,13
6.0,100.0,0.0,24.0,-6.0,60,-2
8.0,100.0,0.0,24.0,-6.0,17,6
6.0,100.0,0.0,24.0,-6.0,85,4
8.0,100.0,0.0,24.0,-6.0,99,0
6.0,100.0,0.0,24.0,-6.0,90,16
8.0,100.0,0.0,24.0,-6.0,69,8
6.0,100.0,0.0,24.0,-6.0,0,23
8.0,100.0,0.0,24.0,-6.0,84,23
6.0,100.0,0.0,24.0,-6.0,67,7
8.0,100.0,0.0,24.0,-6.0,42,22
6.0,100.0,0.0,24.0,-6.0,99,5
8.0,100.0,0.0,24.0,-6.0,62,15
6.0,100.0,0.0,24.0,-6.0,75,6
8.0,100.0,0.0,24.0,-6.0,20,11
6.0,100.0,0.0,24.0,-6.0,90,-5
8.0,100.0,0.0,24.0,-6.0,31,11
6.0,100.0,0.0,24.0,-6.0,90,21
8.0,100.0,0.0,24.0,-6.0,50,-5
6.0,100.0,0.0,24.0,-6.0,64,4
8.0,100.0,0.0,24.0,-6.0,53,15
6.0,100.0,0.0,24.0,-6.0,23,6
8.0,100.0,0.0,24.0,-6.0,16,23
6.0,100.0,0.0,24.0,-6.0,82,4
8.0,100.0,0.0,24.0,-6.0,54,12
6.0,100.0,0.0,24.0,-6.0,83,1
8.0,100.0,0.0,24.0,-6.0,85,18
6.0,100.0,0.0,24.0,-6.0,22,11
8.0,100.0,0.0,24.0,-6.0,20,11
6.0,100.0,0.0,24.0,-6.0,16,2
8.0,100.0,0.0,24.0,-6.0,18,7
6.0,100.0,0.0,24.0,-6.0,94,20
8.0,100.0,0.0,24.0,-6.0,44,22
6.0,100.0,0.0,24.0,-6.0,94,7
8.0,100.0,0.0,24.0,-6.0,52,11
6.0,100.0,0.0,24.0,-6.0,4,-5
8.0,100.0,0.0,24.0,-6.0,39,17
6.0,100.0,0.0,24.0,-6.0,5,22
8.0,100.0,0.0,24.0,-6.0,83,11
6.0,100.0,0.0,24.0,-6.0,43,-3
8.0,100.0,0.0,24.0,-6.0,38,22
6.0,100.0,0.0,24.0,-6.0,46,18
8.0,100.0,0.0,24.0,-6.0,6,-2
6.0,100.0,0.0,24.0,-6.0,95,22
8.0,100.0,0.0,24.0,-6.0,47,18
6.0,100.0,0.0,24.0,-6.0,38,2
8.0,100.0,0.0,24.0,-6.0,17,1
6.0,100.0,0.0,24.0,-6.0,57,9
8.0,100.0,0.0,24.0,-6.0,29,-2
6.0,100.0,0.0,24.0,-6.0,71,2
8.0,100.0,0.0,24.0,-6.0,72,11
6.0,100.0,0.0,24.0,-6.0,33,-4
8.0,100.0,0.0,24.0,-6.0,7,-5
6.0,100.0,0.0,24.0,-6.0,3,4
8.0,100.0,0.0,24.0,-6.0,9,2
6.0,100.0,0.0,24.0,-6.0,13,-1
8.0,100.0,0.0,24.0,-6.0,63,11
6.0,100.0,0.0,24.0,-6.0,77,18
8.0,100.0,0.0,24.0,-6.0,90,1
6.0,100.0,0.0,24.0,-6.0,77,21
8.0,100.0,0.0,24.0,-6.0,74,7
6.0,100.0,0.0,24.0,-6.0,84,-3
8.0,100.0,0.0,24.0,-6.0,39,12
6.0,100.0,0.0,24.0,-6.0,90,13
8.0,100.0,0.0,24.0,-6.0,71,2
6.0,100.0,0.0,24.0,-6.0,5,3
8.0,100.0,0.0,24.0,-6.0,21,2
6.0,100.0,0.0,24.0,-6.0,4,21
8.0,100.0,0.0,24.0,-6.0,14,-4
6.0,100.0,0.0,24.0,-6.0,57,13
8.0,100.0,0.0,24.0,-6.0,26,4
6.0,100.0,0.0,24.0,-6.0,9,1
8.0,100.0,0.0,24.0,-6.0,20,18
6.0,100.0,0.0,24.0,-6.0,1,22
8.0,100.0,0.0,24.0,-6.0,14,-3
6.0,100.0,0.0,24.0,-6.0,27,23
8.0,100.0,0.0,24.0,-6.0,24,12
6.0,100.0,0.0,24.0,-6.0,58,4
8.0,100.0,0.0,24.0,-6.0,55,-4
6.0,100.0,0.0,24.0,-6.0,24,1
8.0,100.0,0.0,24.0,-6.0,40,18
6.0,100.0,0.0,24.0,-6.0,14,5
8.0,100.0,0.0,24.0,-6.0,15,21
6.0,100.0,0.0,24.0,-6.0,26,23
8.0,100.0,0.0,24.0,-6.0,79,11
6.0,100.0,0.0,24.0,-6.0,37,16
8.0,100.0,0.0,24.0,-6.0,8,-6
6.0,100.0,0.0,24.0,-6.0,8,7
8.0,100.0,0.0,24.0,-6.0,42,-2
6.0,100.0,0.0,24.0,-6.0,36,7
8.0,100.0,0.0,24.0,-6.0,23,-1
6.0,100.0,0.0,24.0,-6.0,54,-1
8.0,100.0,0.0,24.0,-6.0,19,-2
6.0,100.0,0.0,24.0,-6.0,34,4
8.0,100.0,0.0,24.0,-6.0,94,7
6.0,100.0,0.0,24.0,-6.0,86,-4
8.0,100.0,0.0,24.0,-6.0,15,21
6.0,100.0,0.0,24.0,-6.0,13,-1
8.0,100.0,0.0,24.0,-6.0,69,22
6.0,100.0,0.0,24.0,-6.0,77,-6
8.0,100.0,0.0,24.0,-6.0,50,19
6.0,100.0,0.0,24.0,-6.0,52,15
8.0,100.0,0.0,24.0,-6.0,47,15
6.0,100.0,0.0,24.0,-6.0,83,15
8.0,100.0,0.0,24.0,-6.0,73,3
6.0,100.0,0.0,24.0,-6.0,93,23
8.0,100.0,0.0,24.0,-6.0,11,4
6.0,100.0,0.0,24.0,-6.0,88,15
8.0,100.0,0.0,24.0,-6.0,70,-4
6.0,100.0,0.0,24.0,-6.0,34,5
8.0,100.0,0.0,24.0,-6.0,87,18
6.0,100.0,0.0,24.0,-6.0,53,15
8.0,100.0,0.0,24.0,-6.0,43,19
6.0,100.0,0.0,24.0,-6.0,13,10
8.0,100.0,0.0,24.0,-6.0,10,-3
6.0,100.0,0.0,24.0,-6.0,43,0
8.0,100.0,0.0,24.0,-6.0,89,1
6.0,100.0,0.0,24.0,-6.0,31,6
8.0,100.0,0.0,24.0,-6.0,76,14
6.0,100.0,0.0,24.0,-6.0,61,8
8.0,100.0,0.0,24.0,-6.0,94,12
6.0,100.0,0.0,24.0,-6.0,31,16
8.0,100.0,0.0,24.0,-6.0,55,-1
6.0,100.0,0.0,24.0,-6.0,18,-2
8.0,100.0,0.0,24.0,-6.0,7,-3
6.0,100.0,0.0,24.0,-6.0,66,5
8.0,100.0,0.0,24.0,-6.0,96,19
6.0,100.0,0.0,24.0,-6.0,7,20
8.0,100.0,0.0,24.0,-6.0,54,0
6.0,100.0,0.0,24.0,-6.0,58,10
8.0,100.0,0.0,24.0,-6.0,60,-3
6.0,100.0,0.0,24.0,-6.0,28,-3
8.0,100.0,0.0,24.0,-6.0,95,4
6.0,100.0,0.0,24.0,-6.0,79,16
8.0,100.0,0.0,24.0,-6.0,99,13
6.0,100.0,0.0,24.0,-6.0,97,17
8.0,100.0,0.0,24.0,-6.0,29,22
6.0,100.0,0.0,24.0,-6.0,28,16
8.0,100.0,0.0,24.0,-6.0,15,1
6.0,100.0,0.0,24.0,-6.0,75,0
8.0,100.0,0.0,24.0,-6.0,72,6
6.0,100.0,0.0,24.0,-6.0,20,12
8.0,100.0,0.0,24.0,-6.0,54,6
6.0,100.0,0.0,24.0,-6.0,78,19
8.0,100.0,0.0,24.0,-6.0,8,12
6.0,100.0,0.0,24.0,-6.0,80,11
8.0,100.0,0.0,24.0,-6.0,74,6
6.0,100.0,0.0,24.0,-6.0,29,16
8.0,100.0,0.0,24.0,-6.0,34,-5
6.0,100.0,0.0,24.0,-6.0,4,3
8.0,100.0,0.0,24.0,-6.0,36,10
6.0,100.0,0.0,24.0,-6.0,3,20
8.0,100.0,0.0,24.0,-6.0,86,-6
6.0,100.0,0.0,24.0,-6.0,85,-3
8.0,100.0,0.0,24.0,-6.0,21,8
6.0,100.0,0.0,24.0,-6.0,78,3
8.0,100.0,0.0,24.0,-6.0,84,4
6.0,100.0,0.0,24.0,-6.0,48,5
8.0,100.0,0.0,24.0,-6.0,54,4
6.0,100.0,0.0,24.0,-6.0,21,22
8.0,100.0,0.0,24.0,-6.0,75,7
6.0,100.0,0.0,24.0,-6.0,68,-3
8.0,100.0,0.0,24.0,-6.0,9,16
6.0,100.0,0.0,24.0,-6.0,24,17
8.0,100.0,0.0,24.0,-6.0,62,11
6.0,100.0,0.0,24.0,-6.0,23,-1
8.0,100.0,0.0,24.0,-6.0,78,20
6.0,100.0,0.0,24.0,-6.0,14,-4
8.0,100.0,0.0,24.0,-6.0,95,23
6.0,100.0,0.0,24.0,-6.0,20,20
8.0,100.0,0.0,24.0,-6.0,15,22
6.0,100.0,0.0,24.0,-6.0,17,12
8.0,100.0,0.0,24.0,-6.0,65,5
6.0,100.0,0.0,24.0,-6.0,88,-4
8.0,100.0,0.0,24.0,-6.0,33,17
6.0,100.0,0.0,24.0,-6.0,22,17
8.0,100.0,0.0,24.0,-6.0,27,14
6.0,100.0,0.0,24.0,-6.0,68,20
8.0,100.0,0.0,24.0,-6.0,71,4
6.0,100.0,0.0,24.0,-6.0,62,1
8.0,100.0,0.0,24.0,-6.0,23,9
6.0,100.0,0.0,24.0,-6.0,76,22
8.0,100.0,0.0,24.0,-6.0,1,17
6.0,100.0,0.0,24.0,-6.0,20,8
8.0,100.0,0.0,24.0,-6.0,81,18
6.0,100.0,0.0,24.0,-6.0,39,9
8.0,100.0,0.0,24.0,-6.0,76,6
6.0,100.0,0.0,24.0,-6.0,27,23
8.0,100.0,0.0,24.0,-6.0,45,7
6.0,100.0,0.0,24.0,-6.0,62,-1
8.0,100.0,0.0,24.0,-6.0,71,-6
6.0,100.0,0.0,24.0,-6.0,60,-1
8.0,100.0,0.0,24.0,-6.0,35,18
6.0,100.0,0.0,24.0,-6.0,98,15
8.0,100.0,0.0,24.0,-6.0,67,18
6.0,100.0,0.0,24.0,-6.0,83,9
8.0,100.0,0.0,24.0,-6.0,72,16
6.0,100.0,0.0,24.0,-6.0,76,-3
8.0,100.0,0.0,24.0,-6.0,83,19
6.0,100.0,0.0,24.0,-6.0,57,5
8.0,100.0,0.0,24.0,-6.0,28,20
6.0,100.0,0.0,24.0,-6.0,94,-1
8.0,100.0,0.0,24.0,-6.0,25,21
6.0,100.0,0.0,24.0,-6.0,44,12
8.0,100.0,0.0,24.0,-6.0,93,2
6.0,100.0,0.0,24.0,-6.0,30,12
8.0,100.0,0.0,24.0,-6.0,98,6
6.0,100.0,0.0,24.0,-6.0,10,14
8.0,100.0,0.0,24.0,-6.0,84,14
6.0,100.0,0.0,24.0,-6.0,52,17
8.0,100.0,0.0,24.0,-6.0,24,22
6.0,100.0,0.0,24.0,-6.0,27,20
8.0,100.0,0.0,24.0,-6.0,58,2
6.0,100.0,0.0,24.0,-6.0,96,-5
8.0,100.0,0.0,24.0,-6.0,20,4
6.0,100.0,0.0,24.0,-6.0,81,-6
8.0,100.0,0.0,24.0,-6.0,80,-2
6.0,100.0,0.0,24.0,-6.0,1,3
8.0,100.0,0.0,24.0,-6.0,26,7
6.0,100.0,0.0,24.0,-6.0,87,2
8.0,100.0,0.0,24.0,-6.0,74,16
6.0,100.0,0.0,24.0,-6.0,23,-4
8.0,100.0,0.0,24.0,-6.0,4,19
6.0,100.0,0.0,24.0,-6.0,23,11
8.0,100.0,0.0,24.0,-6.0,72,1
6.0,100.0,0.0,24.0,-6.0,48,5
8.0,100.0,0.0,24.0,-6.0,12,13
6.0,100.0,0.0,24.0,-6.0,5,-1
8.0,100.0,0.0,24.0,-6.0,37,8
6.0,100.0,0.0,24.0,-6.0,47,6
8.0,100.0,0.0,24.0,-6.0,81,8
6.0,100.0,0.0,24.0,-6.0,75,16
8.0,100.0,0.0,24.0,-6.0,42,-1
6.0,100.0,0.0,24.0,-6.0,51,-4
8.0,100.0,0.0,24.0,-6.0,51,14
6.0,100.0,0.0,24.0,-6.0,27,13
8.0,100.0,0.0,24.0,-6.0,12,7
6.0,100.0,0.0,24.0,-6.0,40,15
8.0,100.0,0.0,24.0,-6.0,40,11
6.0,100.0,0.0,24.0,-6.0,71,8
8.0,100.0,0.0,24.0,-6.0,19,-1
6.0,100.0,0.0,24.0,-6.0,25,17
8.0,100.0,0.0,24.0,-6.0,34,21
6.0,100.0,0.0,24.0,-6.0,62,4
8.0,100.0,0.0,24.0,-6.0,79,5
6.0,100.0,0.0,24.0,-6.0,25,21
8.0,100.0,0.0,24.0,-6.0,63,17
6.0,100.0,0.0,24.0,-6.0,13,-3
8.0,100.0,0.0,24.0,-6.0,28,21
6.0,100.0,0.0,24.0,-6.0,53,23
8.0,100.0,0.0,24.0,-6.0,43,-2
6.0,100.0,0.0,24.0,-6.0,24,-1
8.0,100.0,0.0,24.0,-6.0,9,20
6.0,100.0,0.0,24.0,-6.0,82,18
8.0,100.0,0.0,24.0,-6.0,29,6
6.0,100.0,0.0,24.0,-6.0,81,16
8.0,100.0,0.0,24.0,-6.0,78,3
6.0,100.0,0.0,24.0,-6.0,3,1
8.0,100.0,0.0,24.0,-6.0,8,6
6.0,100.0,0.0,24.0,-6.0,17,0
8.0,100.0,0.0,24.0,-6.0,48,-6
6.0,100.0,0.0,24.0,-6.0,88,-2
8.0,100.0,0.0,24.0,-6.0,95,3
6.0,100.0,0.0,24.0,-6.0,30,-5
8.0,100.0,0.0,24.0,-6.0,27,0
6.0,100.0,0.0,24.0,-6.0,16,10
8.0,100.0,0.0,24.0,-6.0,14,6
6.0,100.0,0.0,24.0,-6.0,81,13
8.0,100.0,0.0,24.0,-6.0,34,2
6.0,100.0,0.0,24.0,-6.0,15,3
8.0,100.0,0.0,24.0,-6.0,55,22
6.0,100.0,0.0,24.0,-6.0,63,2
8.0,100.0,0.0,24.0,-6.0,7,23
6.0,100.0,0.0,24.0,-6.0,25,12
8.0,100.0,0.0,24.0,-6.0,6,-3
6.0,100.0,0.0,24.0,-6.0,94,4
8.0,100.0,0.0,24.0,-6.0,75,-3
6.0,100.0,0.0,24.0,-6.0,52,2
8.0,100.0,0.0,24.0,-6.0,17,20
6.0,100.0,0.0,24.0,-6.0,84,4
8.0,100.0,0.0,24.0,-6.0,80,-3
6.0,100.0,0.0,24.0,-6.0,37,4
8.0,100.0,0.0,24.0,-6.0,96,4
6.0,100.0,0.0,24.0,-6.0,45,18
8.0,100.0,0.0,24.0,-6.0,13,19
6.0,100.0,0.0,24.0,-6.0,91,15
8.0,100.0,0.0,24.0,-6.0,83,22
6.0,100.0,0.0,24.0,-6.0,27,5
8.0,100.0,0.0,24.0,-6.0,29,-6
6.0,100.0,0.0,24.0,-6.0,3,21
8.0,100.0,0.0,24.0,-6.0,43,21
6.0,100.0,0.0,24.0,-6.0,66,-6
8.0,100.0,0.0,24.0,-6.0,23,7
6.0,100.0,0.0,24.0,-6.0,71,12
8.0,100.0,0.0,24.0,-6.0,2,8
6.0,100.0,0.0,24.0,-6.0,15,1
8.0,100.0,0.0,24.0,-6.0,76,13
6.0,100.0,0.0,24.0,-6.0,6,19
8.0,100.0,0.0,24.0,-6.0,1,10
6.0,100.0,0.0,24.0,-6.0,64,14
8.0,100.0,0.0,24.0,-6.0,20,3
6.0,100.0,0.0,24.0,-6.0,5,23
8.0,100.0,0.0,24.0,-6.0,2,23
6.0,100.0,0.0,24.0,-6.0,6,0
8.0,100.0,0.0,24.0,-6.0,66,9
6.0,100.0,0.0,24.0,-6.0,17,-5
8.0,100.0,0.0,24.0,-6.0,13,1
6.0,100.0,0.0,24.0,-6.0,19,9
8.0,100.0,0.0,24.0,-6.0,91,-3
6.0,100.0,0.0,24.0,-6.0,56,6
8.0,100.0,0.0,24.0,-6.0,9,-2
6.0,100.0,0.0,24.0,-6.0,28,6
8.0,100.0,0.0,24.0,-6.0,27,20
6.0,100.0,0.0,24.0,-6.0,0,8
8.0,100.0,0.0,24.0,-6.0,52,4
6.0,100.0,0.0,24.0,-6.0,38,-4
8.0,100.0,0.0,24.0,-6.0,97,13
6.0,100.0,0.0,24.0,-6.0,74,9
8.0,100.0,0.0,24.0,-6.0,14,1
6.0,100.0,0.0,24.0,-6.0,50,6
8.0,100.0,0.0,24.0,-6.0,64,19
6.0,100.0,0.0,24.0,-6.0,71,2
8.0,100.0,0.0,24.0,-6.0,2,16
6.0,100.0,0.0,24.0,-6.0,18,19
8.0,100.0,0.0,24.0,-6.0,46,1
6.0,100.0,0.0,24.0,-6.0,1,5
8.0,100.0,0.0,24.0,-6.0,43,17
6.0,100.0,0.0,24.0,-6.0,60,-3
8.0,100.0,0.0,24.0,-6.0,58,0
6.0,100.0,0.0,24.0,-6.0,23,15
8.0,100.0,0.0,24.0,-6.0,5,16
6.0,100.0,0.0,24.0,-6.0,90,16
8.0,100.0,0.0,24.0,-6.0,19,21
6.0,100.0,0.0,24.0,-6.0,13,14
8.0,100.0,0.0,24.0,-6.0,40,14
6.0,100.0,0.0,24.0,-6.0,87,23
8.0,100.0,0.0,24.0,-6.0,25,3
6.0,100.0,0.0,24.0,-6.0,68,13
8.0,100.0,0.0,24.0,-6.0,17,17
6.0,100.0,0.0,24.0,-6.0,64,7
8.0,100.0,0.0,24.0,-6.0,87,23
6.0,100.0,0.0,24.0,-6.0,30,21
8.0,100.0,0.0,24.0,-6.0,32,6
6.0,100.0,0.0,24.0,-6.0,18,4
8.0,100.0,0.0,24.0,-6.0,81,15
6.0,100.0,0.0,24.0,-6.0,37,17
8.0,100.0,0.0,24.0,-6.0,31,2
6.0,100.0,0.0,24.0,-6.0,8,14
8.0,100.0,0.0,24.0,-6.0,48,20
6.0,100.0,0.0,24.0,-6.0,65,-1
8.0,100.0,0.0,24.0,-6.0,93,0
6.0,100.0,0.0,24.0,-6.0,53,10
8.0,100.0,0.0,24.0,-6.0,17,6
6.0,100.0,0.0,24.0,-6.0,63,13
8.0,100.0,0.0,24.0,-6.0,70,1
6.0,100.0,0.0,24.0,-6.0,51,3
8.0,100.0,0.0,24.0,-6.0,44,5
6.0,100.0,0.0,24.0,-6.0,5,-1
8.0,100.0,0.0,24.0,-6.0,48,-1
6.0,100.0,0.0,24.0,-6.0,69,10
8.0,100.0,0.0,24.0,-6.0,25,-1
6.0,100.0,0.0,24.0,-6.0,69,-4
8.0,100.0,0.0,24.0,-6.0,89,15
6.0,100.0,0.0,24.0,-6.0,54,17
8.0,100.0,0.0,24.0,-6.0,62,-2
6.0,100.0,0.0,24.0,-6.0,27,4
8.0,100.0,0.0,24.0,-6.0,51,15
6.0,100.0,0.0,24.0,-6.0,49,2
8.0,100.0,0.0,24.0,-6.0,47,-2
6.0,100.0,0.0,24.0,-6.0,58,-4
8.0,100.0,0.0,24.0,-6.0,90,19
6.0,100.0,0.0,24.0,-6.0,87,13
8.0,100.0,0.0,24.0,-6.0,37,12
6.0,100.0,0.0,24.0,-6.0,23,0
8.0,100.0,0.0,24.0,-6.0,32,6
6.0,100.0,0.0,24.0,-6.0,30,16
8.0,100.0,0.0,24.0,-6.0,44,12
6.0,100.0,0.0,24.0,-6.0,91,15
8.0,100.0,0.0,24.0,-6.0,43,17
6.0,100.0,0.0,24.0,-6.0,41,5
8.0,100.0,0.0,24.0,-6.0,75,17
6.0,100.0,0.0,24.0,-6.0,41,-1
8.0,100.0,0.0,24.0,-6.0,26,13
6.0,100.0,0.0,24.0,-6.0,88,20
8.0,100.0,0.0,24.0,-6.0,70,9
6.0,100.0,0.0,24.0,-6.0,57,22
8.0,100.0,0.0,24.0,-6.0,10,13
6.0,100.0,0.0,24.0,-6.0,17,-5
8.0,100.0,0.0,24.0,-6.0,1,22
6.0,100.0,0.0,24.0,-6.0,72,3
8.0,100.0,0.0,24.0,-6.0,12,4
6.0,100.0,0.0,24.0,-6.0,65,4
8.0,100.0,0.0,24.0,-6.0,7,23
6.0,100.0,0.0,24.0,-6.0,49,6
8.0,100.0,0.0,24.0,-6.0,58,16
6.0,100.0,0.0,24.0,-6.0,79,-2
8.0,100.0,0.0,24.0,-6.0,5,4
6.0,100.0,0.0,24.0,-6.0,48,-5
8.0,100.0,0.0,24.0,-6.0,7,-1
6.0,100.0,0.0,24.0,-6.0,4,13
8.0,100.0,0.0,24.0,-6.0,81,18
6.0,100.0,0.0,24.0,-6.0,13,8
8.0,100.0,0.0,24.0,-6.0,71,-4
6.0,100.0,0.0,24.0,-6.0,21,22
8.0,100.0,0.0,24.0,-6.0,91,12
6.0,100.0,0.0,24.0,-6.0,33,-3
8.0,100.0,0.0,24.0,-6.0,79,2
6.0,100.0,0.0,24.0,-6.0,4,12
8.0,100.0,0.0,24.0,-6.0,70,10
6.0,100.0,0.0,24.0,-6.0,91,11
8.0,100.0,0.0,24.0,-6.0,24,20
6.0,100.0,0.0,24.0,-6.0,29,21
8.0,100.0,0.0,24.0,-6.0,9,8
6.0,100.0,0.0,24.0,-6.0,45,4
8.0,100.0,0.0,24.0,-6.0,92,-1
6.0,100.0,0.0,24.0,-6.0,57,15
8.0,100.0,0.0,24.0,-6.0,31,8
6.0,100.0,0.0,24.0,-6.0,11,2
8.0,100.0,0.0,24.0,-6.0,67,11
6.0,100.0,0.0,24.0,-6.0,86,19
8.0,100.0,0.0,24.0,-6.0,39,15
6.0,100.0,0.0,24.0,-6.0,55,-2
8.0,100.0,0.0,24.0,-6.0,67,11
6.0,100.0,0.0,24.0,-6.0,93,19
8.0,100.0,0.0,24.0,-6.0,92,7
6.0,100.0,0.0,24.0,-6.0,35,21
8.0,100.0,0.0,24.0,-6.0,74,16
6.0,100.0,0.0,24.0,-6.0,27,13
8.0,100.0,0.0,24.0,-6.0,27,-3
6.0,100.0,0.0,24.0,-6.0,9,-3
8.0,100.0,0.0,24.0,-6.0,52,-4
6.0,100.0,0.0,24.0,-6.0,20,10
8.0,100.0,0.0,24.0,-6.0,36,4
6.0,100.0,0.0,24.0,-6.0,32,0
8.0,100.0,0.0,24.0,-6.0,99,5
6.0,100.0,0.0,24.0,-6.0,93,9
8.0,100.0,0.0,24.0,-6.0,82,11
6.0,100.0,0.0,24.0,-6.0,81,-4
8.0,100.0,0.0,24.0,-6.0,44,-1
6.0,100.0,0.0,24.0,-6.0,34,0
8.0,100.0,0.0,24.0,-6.0,22,12
6.0,100.0,0.0,24.0,-6.0,76,17
8.0,100.0,0.0,24.0,-6.0,54,5
6.0,100.0,0.0,24.0,-6.0,75,6
8.0,100.0,0.0,24.0,-6.0,65,17
6.0,100.0,0.0,24.0,-6.0,97,6
8.0,100.0,0.0,24.0,-6.0,38,16
6.0,100.0,0.0,24.0,-6.0,94,8
8.0,100.0,0.0,24.0,-6.0,37,9
6.0,100.0,0.0,24.0,-6.0,60,14
8.0,100.0,0.0,24.0,-6.0,25,15
6.0,100.0,0.0,24.0,-6.0,32,20
8.0,100.0,0.0,24.0,-6.0,18,-3
6.0,100.0,0.0,24.0,-6.0,57,-2
8.0,100.0,0.0,24.0,-6.0,45,4
6.0,100.0,0.0,24.0,-6.0,25,16
8.0,100.0,0.0,24.0,-6.0,38,6
6.0,100.0,0.0,24.0,-6.0,53,-3
8.0,100.0,0.0,24.0,-6.0,42,10
6.0,100.0,0.0,24.0,-6.0,74,22
8.0,100.0,0.0,24.0,-6.0,5,12
6.0,100.0,0.0,24.0,-6.0,38,7
8.0,100.0,0.0,24.0,-6.0,81,-1
6.0,100.0,0.0,24.0,-6.0,57,-3
8.0,100.0,0.0,24.0,-6.0,82,-2
6.0,100.0,0.0,24.0,-6.0,45,19
8.0,100.0,0.0,24.0,-6.0,67,10
6.0,100.0,0.0,24.0,-6.0,61,0
8.0,100.0,0.0,24.0,-6.0,41,-6
6.0,100.0,0.0,24.0,-6.0,5,6
8.0,100.0,0.0,24.0,-6.0,31,11
6.0,100.0,0.0,24.0,-6.0,10,15
8.0,100.0,0.0,24.0,-6.0,1,23
6.0,100.0,0.0,24.0,-6.0,73,6
8.0,100.0,0.0,24.0,-6.0,47,9
6.0,100.0,0.0,24.0,-6.0,59,13
8.0,100.0,0.0,24.0,-6.0,55,15
6.0,100.0,0.0,24.0,-6.0,67,18
8.0,100.0,0.0,24.0,-6.0,72,22
6.0,100.0,0.0,24.0,-6.0,63,21
8.0,100.0,0.0,24.0,-6.0,82,14
6.0,100.0,0.0,24.0,-6.0,98,20
8.0,100.0,0.0,24.0,-6.0,95,11
6.0,100.0,0.0,24.0,-6.0,88,-5
8.0,100.0,0.0,24.0,-6.0,32,2
6.0,100.0,0.0,24.0,-6.0,79,20
8.0,100.0,0.0,24.0,-6.0,33,-2
6.0,100.0,0.0,24.0,-6.0,31,-3
8.0,100.0,0.0,24.0,-6.0,95,8
6.0,100.0,0.0,24.0,-6.0,74,18
8.0,100.0,0.0,24.0,-6.0,42,22
6.0,100.0,0.0,24.0,-6.0,33,10
8.0,100.0,0.0,24.0,-6.0,3,22
6.0,100.0,0.0,24.0,-6.0,59,2
8.0,100.0,0.0,24.0,-6.0,23,-1
6.0,100.0,0.0,24.0,-6.0,7,19
8.0,100.0,0.0,24.0,-6.0,68,12
6.0,100.0,0.0,24.0,-6.0,13,19
8.0,100.0,0.0,24.0,-6.0,43,7
6.0,100.0,0.0,24.0,-6.0,46,6
8.0,100.0,0.0,24.0,-6.0,75,12
6.0,100.0,0.0,24.0,-6.0,89,19
8.0,100.0,0.0,24.0,-6.0,80,18
6.0,100.0,0.0,24.0,-6.0,31,16
8.0,100.0,0.0,24.0,-6.0,55,3
6.0,100.0,0.0,24.0,-6.0,91,8
8.0,100.0,0.0,24.0,-6.0,28,3
6.0,100.0,0.0,24.0,-6.0,85,11
8.0,100.0,0.0,24.0,-6.0,79,-3
6.0,100.0,0.0,24.0,-6.0,58,0
8.0,100.0,0.0,24.0,-6.0,8,8
6.0,100.0,0.0,24.0,-6.0,23,7
8.0,100.0,0.0,24.0,-6.0,90,-3
6.0,100.0,0.0,24.0,-6.0,18,20
8.0,100.0,0.0,24.0,-6.0,78,-4
6.0,100.0,0.0,24.0,-6.0,65,-4
8.0,100.0,0.0,24.0,-6.0,82,-3
6.0,100.0,0.0,24.0,-6.0,96,3
8.0,100.0,0.0,24.0,-6.0,69,13
6.0,100.0,0.0,24.0,-6.0,35,16
8.0,100.0,0.0,24.0,-6.0,22,-3
6.0,100.0,0.0,24.0,-6.0,89,9
8.0,100.0,0.0,24.0,-6.0,93,4
6.0,100.0,0.0,24.0,-6.0,80,5
8.0,100.0,0.0,24.0,-6.0,1,1
6.0,100.0,0.0,24.0,-6.0,50,-6
8.0,100.0,0.0,24.0,-6.0,91,5
6.0,100.0,0.0,24.0,-6.0,64,11
8.0,100.0,0.0,24.0,-6.0,16,11
6.0,100.0,0.0,24.0,-6.0,85,-6
8.0,100.0,0.0,24.0,-6.0,27,4
6.0,100.0,0.0,24.0,-6.0,55,21
8.0,100.0,0.0,24.0,-6.0,85,4
6.0,100.0,0.0,24.0,-6.0,91,2
8.0,100.0,0.0,24.0,-6.0,96,19
6.0,100.0,0.0,24.0,-6.0,25,-2
8.0,100.0,0.0,24.0,-6.0,6,-6
6.0,100.0,0.0,24.0,-6.0,69,17
8.0,100.0,0.0,24.0,-6.0,37,13
6.0,100.0,0.0,24.0,-6.0,66,12
8.0,100.0,0.0,24.0,-6.0,28,22
6.0,100.0,0.0,24.0,-6.0,18,16
8.0,100.0,0.0,24.0,-6.0,85,2
6.0,100.0,0.0,24.0,-6.0,67,9
8.0,100.0,0.0,24.0,-6.0,30,-4
6.0,100.0,0.0,24.0,-6.0,7,6
8.0,100.0,0.0,24.0,-6.0,56,-6
6.0,100.0,0.0,24.0,-6.0,60,19
8.0,100.0,0.0,24.0,-6.0,42,-6
6.0,100.0,0.0,24.0,-6.0,18,-6
8.0,100.0,0.0,24.0,-6.0,85,14
6.0,100.0,0.0,24.0,-6.0,7,20
8.0,100.0,0.0,24.0,-6.0,12,-4
6.0,100.0,0.0,24.0,-6.0,19,-4
8.0,100.0,0.0,24.0,-6.0,42,3
6.0,100.0,0.0,24.0,-6.0,95,8
8.0,100.0,0.0,24.0,-6.0,49,4
6.0,100.0,0.0,24.0,-6.0,69,5
8.0,100.0,0.0,24.0,-6.0,92,19
6.0,100.0,0.0,24.0,-6.0,99,13
8.0,100.0,0.0,24.0,-6.0,46,8
6.0,100.0,0.0,24.0,-6.0,99,13
8.0,100.0,0.0,24.0,-6.0,62,9
6.0,100.0,0.0,24.0,-6.0,93,12
8.0,100.0,0.0,24.0,-6.0,70,-1
6.0,100.0,0.0,24.0,-6.0,6,16
8.0,100.0,0.0,24.0,-6.0,76,4
6.0,100.0,0.0,24.0,-6.0,83,0
8.0,100.0,0.0,24.0,-6.0,6,6
6.0,100.0,0.0,24.0,-6.0,34,-3
8.0,100.0,0.0,24.0,-6.0,78,3
6.0,100.0,0.0,24.0,-6.0,20,9
8.0,100.0,0.0,24.0,-6.0,20,23
6.0,100.0,0.0,24.0,-6.0,36,-1
8.0,100.0,0.0,24.0,-6.0,71,2
6.0,100.0,0.0,24.0,-6.0,43,23
8.0,100.0,0.0,24.0,-6.0,84,11
6.0,100.0,0.0,24.0,-6.0,95,-4
8.0,100.0,0.0,24.0,-6.0,64,-2
6.0,100.0,0.0,24.0,-6.0,63,-5
8.0,100.0,0.0,24.0,-6.0,41,6
6.0,100.0,0.0,24.0,-6.0,3,0
8.0,100.0,0.0,24.0,-6.0,27,0
6.0,100.0,0.0,24.0,-6.0,13,-5
8.0,100.0,0.0,24.0,-6.0,18,9
6.0,100.0,0.0,24.0,-6.0,87,16
8.0,100.0,0.0,24.0,-6.0,59,16
6.0,100.0,0.0,24.0,-6.0,82,23
8.0,100.0,0.0,24.0,-6.0,67,-5
6.0,100.0,0.0,24.0,-6.0,74,6
8.0,100.0,0.0,24.0,-6.0,91,-4
6.0,100.0,0.0,24.0,-6.0,19,7
8.0,100.0,0.0,24.0,-6.0,25,-4
6.0,100.0,0.0,24.0,-6.0,0,7
8.0,100.0,0.0,24.0,-6.0,15,16
6.0,100.0,0.0,24.0,-6.0,74,14
8.0,100.0,0.0,24.0,-6.0,71,13
6.0,100.0,0.0,24.0,-6.0,14,-4
8.0,100.0,0.0,24.0,-6.0,43,-1
6.0,100.0,0.0,24.0,-6.0,29,-1
8.0,100.0,0.0,24.0,-6.0,52,15
6.0,100.0,0.0,24.0,-6.0,51,18
8.0,100.0,0.0,24.0,-6.0,61,16
6.0,100.0,0.0,24.0,-6.0,71,7
8.0,100.0,0.0,24.0,-6.0,27,-3
6.0,100.0,0.0,24.0,-6.0,62,23
8.0,100.0,0.0,24.0,-6.0,8,11
6.0,100.0,0.0,24.0,-6.0,97,5
8.0,100.0,0.0,24.0,-6.0,95,-5
6.0,100.0,0.0,24.0,-6.0,78,22
8.0,100.0,0.0,24.0,-6.0,97,20
6.0,100.0,0.0,24.0,-6.0,97,4
8.0,100.0,0.0,24.0,-6.0,49,4
6.0,100.0,0.0,24.0,-6.0,29,11
8.0,100.0,0.0,24.0,-6.0,48,7
6.0,100.0,0.0,24.0,-6.0,97,1
8.0,100.0,0.0,24.0,-6.0,37,20
6.0,100.0,0.0,24.0,-6.0,34,16
8.0,100.0,0.0,24.0,-6.0,43,23
6.0,100.0,0.0,24.0,-6.0,59,-6
8.0,100.0,0.0,24.0,-6.0,50,-3
6.0,100.0,0.0,24.0,-6.0,82,20
8.0,100.0,0.0,24.0,-6.0,32,-3
6.0,100.0,0.0,24.0,-6.0,90,20
8.0,100.0,0.0,24.0,-6.0,60,9
6.0,100.0,0.0,24.0,-6.0,51,23
8.0,100.0,0.0,24.0,-6.0,81,13
6.0,100.0,0.0,24.0,-6.0,92,23
8.0,100.0,0.0,24.0,-6.0,92,-3
6.0,100.0,0.0,24.0,-6.0,2,7
8.0,100.0,0.0,24.0,-6.0,71,1
6.0,100.0,0.0,24.0,-6.0,35,-3
8.0,100.0,0.0,24.0,-6.0,62,-6
6.0,100.0,0.0,24.0,-6.0,90,7
8.0,100.0,0.0,24.0,-6.0,61,3
6.0,100.0,0.0,24.0,-6.0,99,11
8.0,100.0,0.0,24.0,-6.0,39,8
6.0,100.0,0.0,24.0,-6.0,15,19
8.0,100.0,0.0,24.0,-6.0,27,-4
6.0,100.0,0.0,24.0,-6.0,71,-2
8.0,100.0,0.0,24.0,-6.0,55,11
6.0,100.0,0.0,24.0,-6.0,58,-2
8.0,100.0,0.0,24.0,-6.0,76,10
6.0,100.0,0.0,24.0,-6.0,49,-4
8.0,100.0,0.0,24.0,-6.0,28,2
6.0,100.0,0.0,24.0,-6.0,76,6
8.0,100.0,0.0,24.0,-6.0,79,21
6.0,100.0,0.0,24.0,-6.0,45,2
8.0,100.0,0.0,24.0,-6.0,4,16
6.0,100.0,0.0,24.0,-6.0,60,15
8.0,100.0,0.0,24.0,-6.0,5,-6
6.0,100.0,0.0,24.0,-6.0,67,13
8.0,100.0,0.0,24.0,-6.0,13,-5
6.0,100.0,0.0,24.0,-6.0,15,8
8.0,100.0,0.0,24.0,-6.0,98,15
6.0,100.0,0.0,24.0,-6.0,75,23
8.0,100.0,0.0,24.0,-6.0,90,4
6.0,100.0,0.0,24.0,-6.0,26,17
8.0,100.0,0.0,24.0,-6.0,59,18
6.0,100.0,0.0,24.0,-6.0,37,8
8.0,100.0,0.0,24.0,-6.0,55,10
6.0,100.0,0.0,24.0,-6.0,14,19
8.0,100.0,0.0,24.0,-6.0,62,0
6.0,100.0,0.0,24.0,-6.0,78,19
8.0,100.0,0.0,24.0,-6.0,62,4
6.0,100.0,0.0,24.0,-6.0,25,-1
8.0,100.0,0.0,24.0,-6.0,1,14
6.0,100.0,0.0,24.0,-6.0,99,-1
8.0,100.0,0.0,24.0,-6.0,68,23
6.0,100.0,0.0,24.0,-6.0,91,-3
8.0,100.0,0.0,24.0,-6.0,7,10
6.0,100.0,0.0,24.0,-6.0,1,-4
8.0,100.0,0.0,24.0,-6.0,79,9
6.0,100.0,0.0,24.0,-6.0,7,-4
8.0,100.0,0.0,24.0,-6.0,36,19
6.0,100.0,0.0,24.0,-6.0,87,8
8.0,100.0,0.0,24.0,-6.0,50,-4
6.0,100.0,0.0,24.0,-6.0,64,0
8.0,100.0,0.0,24.0,-6.0,41,21
6.0,100.0,0.0,24.0,-6.0,40,-6
8.0,100.0,0.0,24.0,-6.0,42,10
6.0,100.0,0.0,24.0,-6.0,56,22
8.0,100.0,0.0,24.0,-6.0,82,-2
6.0,100.0,0.0,24.0,-6.0,9,23
8.0,100.0,0.0,24.0,-6.0,82,0
6.0,100.0,0.0,24.0,-6.0,38,17
8.0,100.0,0.0,24.0,-6.0,74,19
6.0,100.0,0.0,24.0,-6.0,8,14
8.0,100.0,0.0,24.0,-6.0,56,23
6.0,100.0,0.0,24.0,-6.0,94,10
8.0,100.0,0.0,24.0,-6.0,39,-2
6.0,100.0,0.0,24.0,-6.0,77,-5
8.0,100.0,0.0,24.0,-6.0,86,23
6.0,100.0,0.0,24.0,-6.0,80,1
8.0,100.0,0.0,24.0,-6.0,58,18
6.0,100.0,0.0,24.0,-6.0,88,-1
8.0,100.0,0.0,24.0,-6.0,11,4
6.0,100.0,0.0,24.0,-6.0,36,7
8.0,100.0,0.0,24.0,-6.0,37,1
6.0,100.0,0.0,24.0,-6.0,0,0
8.0,100.0,0.0,24.0,-6.0,76,13
6.0,100.0,0.0,24.0,-6.0,61,18
8.0,100.0,0.0,24.0,-6.0,63,13
6.0,100.0,0.0,24.0,-6.0,21,3
8.0,100.0,0.0,24.0,-6.0,67,1
6.0,100.0,0.0,24.0,-6.0,60,2
8.0,100.0,0.0,24.0,-6.0,50,21
6.0,100.0,0.0,24.0,-6.0,51,1
8.0,100.0,0.0,24.0,-6.0,38,20
6.0,100.0,0.0,24.0,-6.0,79,-6
8.0,100.0,0.0,24.0,-6.0,90,0
6.0,100.0,0.0,24.0,-6.0,93,18
8.0,100.0,0.0,24.0,-6.0,39,0
6.0,100.0,0.0,24.0,-6.0,46,12
8.0,100.0,0.0,24.0,-6.0,77,6
6.0,100.0,0.0,24.0,-6.0,86,3
8.0,100.0,0.0,24.0,-6.0,66,20
6.0,100.0,0.0,24.0,-6.0,57,1
8.0,100.0,0.0,24.0,-6.0,89,8
6.0,100.0,0.0,24.0,-6.0,41,15
8.0,100.0,0.0,24.0,-6.0,56,-4
6.0,100.0,0.0,24.0,-6.0,85,15
8.0,100.0,0.0,24.0,-6.0,85,22
6.0,100.0,0.0,24.0,-6.0,69,21
8.0,100.0,0.0,24.0,-6.0,99,6
6.0,100.0,0.0,24.0,-6.0,25,-4
8.0,100.0,0.0,24.0,-6.0,55,-6
6.0,100.0,0.0,24.0,-6.0,84,15
8.0,100.0,0.0,24.0,-6.0,25,-1
6.0,100.0,0.0,24.0,-6.0,80,9
8.0,100.0,0.0,24.0,-6.0,11,15
6.0,100.0,0.0,24.0,-6.0,0,7
8.0,100.0,0.0,24.0,-6.0,29,5
6.0,100.0,0.0,24.0,-6.0,91,1
8.0,100.0,0.0,24.0,-6.0,10,11
6.0,100.0,0.0,24.0,-6.0,42,14
8.0,100.0,0.0,24.0,-6.0,16,6
6.0,100.0,0.0,24.0,-6.0,73,13
8.0,100.0,0.0,24.0,-6.0,62,-4
6.0,100.0,0.0,24.0,-6.0,51,9
8.0,100.0,0.0,24.0,-6.0,29,1
6.0,100.0,0.0,24.0,-6.0,55,2
8.0,100.0,0.0,24.0,-6.0,34,-4
6.0,100.0,0.0,24.0,-6.0,47,-4
8.0,100.0,0.0,24.0,-6.0,95,0
6.0,100.0,0.0,24.0,-6.0,89,4
8.0,100.0,0.0,24.0,-6.0,93,12
6.0,100.0,0.0,24.0,-6.0,56,18
8.0,100.0,0.0,24.0,-6.0,97,-3
6.0,100.0,0.0,24.0,-6.0,35,-5
8.0,100.0,0.0,24.0,-6.0,1,0
6.0,100.0,0.0,24.0,-6.0,97,22
8.0,100.0,0.0,24.0,-6.0,6,19
6.0,100.0,0.0,24.0,-6.0,32,16
8.0,100.0,0.0,24.0,-6.0,12,2
6.0,100.0,0.0,24.0,-6.0,25,17
8.0,100.0,0.0,24.0,-6.0,75,15
6.0,100.0,0.0,24.0,-6.0,16,-5
8.0,100.0,0.0,24.0,-6.0,0,21
6.0,100.0,0.0,24.0,-6.0,76,4
8.0,100.0,0.0,24.0,-6.0,70,11
6.0,100.0,0.0,24.0,-6.0,62,-3
8.0,100.0,0.0,24.0,-6.0,25,11
6.0,100.0,0.0,24.0,-6.0,50,20
8.0,100.0,0.0,24.0,-6.0,11,10
6.0,100.0,0.0,24.0,-6.0,34,12
8.0,100.0,0.0,24.0,-6.0,89,21
6.0,100.0,0.0,24.0,-6.0,70,-3
8.0,100.0,0.0,24.0,-6.0,32,9
6.0,100.0,0.0,24.0,-6.0,37,13
8.0,100.0,0.0,24.0,-6.0,32,-2
6.0,100.0,0.0,24.0,-6.0,65,13
8.0,100.0,0.0,24.0,-6.0,99,8
6.0,100.0,0.0,24.0,-6.0,33,14
8.0,100.0,0.0,24.0,-6.0,80,19
6.0,100.0,0.0,24.0,-6.0,64,-6
8.0,100.0,0.0,24.0,-6.0,69,1
6.0,100.0,0.0,24.0,-6.0,83,17
8.0,100.0,0.0,24.0,-6.0,29,4
6.0,100.0,0.0,24.0,-6.0,88,-1
8.0,100.0,0.0,24.0,-6.0,77,7
6.0,100.0,0.0,24.0,-6.0,28,-5
8.0,100.0,0.0,24.0,-6.0,62,19
6.0,100.0,0.0,24.0,-6.0,1,-5
8.0,100.0,0.0,24.0,-6.0,12,11
6.0,100.0,0.0,24.0,-6.0,76,13
8.0,100.0,0.0,24.0,-6.0,20,22
6.0,100.0,0.0,24.0,-6.0,94,23
8.0,100.0,0.0,24.0,-6.0,81,23
6.0,100.0,0.0,24.0,-6.0,89,5
8.0,100.0,0.0,24.0,-6.0,28,20
6.0,100.0,0.0,24.0,-6.0,29,19
8.0,100.0,0.0,24.0,-6.0,38,19
6.0,100.0,0.0,24.0,-6.0,35,4
8.0,100.0,0.0,24.0,-6.0,58,15
6.0,100.0,0.0,24.0,-6.0,34,19
8.0,100.0,0.0,24.0,-6.0,34,-3
6.0,100.0,0.0,24.0,-6.0,40,1
8.0,100.0,0.0,24.0,-6.0,27,-6
6.0,100.0,0.0,24.0,-6.0,29,19
8.0,100.0,0.0,24.0,-6.0,66,-4
6.0,100.0,0.0,24.0,-6.0,6,-6
8.0,100.0,0.0,24.0,-6.0,87,22
6.0,100.0,0.0,24.0,-6.0,28,21
8.0,100.0,0.0,24.0,-6.0,6,6
6.0,100.0,0.0,24.0,-6.0,44,-1
8.0,100.0,0.0,24.0,-6.0,78,14
6.0,100.0,0.0,24.0,-6.0,43,-1
8.0,100.0,0.0,24.0,-6.0,12,5
6.0,100.0,0.0,24.0,-6.0,69,8
8.0,100.0,0.0,24.0,-6.0,44,0
6.0,100.0,0.0,24.0,-6.0,45,20
8.0,100.0,0.0,24.0,-6.0,99,16
6.0,100.0,0.0,24.0,-6.0,89,5
8.0,100.0,0.0,24.0,-6.0,46,11
6.0,100.0,0.0,24.0,-6.0,69,-1
8.0,100.0,0.0,24.0,-6.0,2,21
6.0,100.0,0.0,24.0,-6.0,89,20
8.0,100.0,0.0,24.0,-6.0,36,4
6.0,100.0,0.0,24.0,-6.0,46,23
8.0,100.0,0.0,24.0,-6.0,71,13
6.0,100.0,0.0,24.0,-6.0,25,12
8.0,100.0,0.0,24.0,-6.0,28,17
6.0,100.0,0.0,24.0,-6.0,66,6
8.0,100.0,0.0,24.0,-6.0,72,23
6.0,100.0,0.0,24.0,-6.0,50,12
8.0,100.0,0.0,24.0,-6.0,87,0
6.0,100.0,0.0,24.0,-6.0,0,23
8.0,100.0,0.0,24.0,-6.0,58,4
6.0,100.0,0.0,24.0,-6.0,42,12
8.0,100.0,0.0,24.0,-6.0,78,0
6.0,100.0,0.0,24.0,-6.0,4,8
8.0,100.0,0.0,24.0,-6.0,29,19
6.0,100.0,0.0,24.0,-6.0,27,-5
8.0,100.0,0.0,24.0,-6.0,76,2
6.0,100.0,0.0,24.0,-6.0,66,0
8.0,100.0,0.0,24.0,-6.0,11,10
6.0,100.0,0.0,24.0,-6.0,70,12
8.0,100.0,0.0,24.0,-6.0,73,13
6.0,100.0,0.0,24.0,-6.0,45,13
8.0,100.0,0.0,24.0,-6.0,42,19
6.0,100.0,0.0,24.0,-6.0,31,8
8.0,100.0,0.0,24.0,-6.0,45,9
6.0,100.0,0.0,24.0,-6.0,72,6
8.0,100.0,0.0,24.0,-6.0,13,23
6.0,100.0,0.0,24.0,-6.0,22,14
8.0,100.0,0.0,24.0,-6.0,85,3
6.0,100.0,0.0,24.0,-6.0,49,17
8.0,100.0,0.0,24.0,-6.0,84,10
6.0,100.0,0.0,24.0,-6.0,69,16
8.0,100.0,0.0,24.0,-6.0,32,8
6.0,100.0,0.0,24.0,-6.0,51,19
8.0,100.0,0.0,24.0,-6.0,83,8
6.0,100.0,0.0,24.0,-6.0,72,23
8.0,100.0,0.0,24.0,-6.0,61,10
6.0,100.0,0.0,24.0,-6.0,14,4
8.0,100.0,0.0,24.0,-6.0,94,-3
6.0,100.0,0.0,24.0,-6.0,73,10
8.0,100.0,0.0,24.0,-6.0,11,7
6.0,100.0,0.0,24.0,-6.0,12,23
8.0,100.0,0.0,24.0,-6.0,93,23
6.0,100.0,0.0,24.0,-6.0,63,23
8.0,100.0,0.0,24.0,-6.0,21,22
6.0,100.0,0.0,24.0,-6.0,98,21
8.0,100.0,0.0,24.0,-6.0,29,19
6.0,100.0,0.0,24.0,-6.0,95,8
8.0,100.0,0.0,24.0,-6.0,21,17
6.0,100.0,0.0,24.0,-6.0,77,17
8.0,100.0,0.0,24.0,-6.0,45,-2
6.0,100.0,0.0,24.0,-6.0,3,-6
8.0,100.0,0.0,24.0,-6.0,50,16
6.0,100.0,0.0,24.0,-6.0,24,8
8.0,100.0,0.0,24.0,-6.0,37,15
6.0,100.0,0.0,24.0,-6.0,94,17
8.0,100.0,0.0,24.0,-6.0,82,3
6.0,100.0,0.0,24.0,-6.0,4,16
8.0,100.0,0.0,24.0,-6.0,63,14
6.0,100.0,0.0,24.0,-6.0,15,-4
8.0,100.0,0.0,24.0,-6.0,82,9
6.0,100.0,0.0,24.0,-6.0,6,10
8.0,100.0,0.0,24.0,-6.0,93,14
6.0,100.0,0.0,24.0,-6.0,57,-1
8.0,100.0,0.0,24.0,-6.0,38,12
6.0,100.0,0.0,24.0,-6.0,4,18
8.0,100.0,0.0,24.0,-6.0,25,-2
6.0,100.0,0.0,24.0,-6.0,49,5
8.0,100.0,0.0,24.0,-6.0,62,21
6.0,100.0,0.0,24.0,-6.0,93,-4
8.0,100.0,0.0,24.0,-6.0,62,5
6.0,100.0,0.0,24.0,-6.0,29,16
8.0,100.0,0.0,24.0,-6.0,25,6
6.0,100.0,0.0,24.0,-6.0,71,10
8.0,100.0,0.0,24.0,-6.0,21,11
6.0,100.0,0.0,24.0,-6.0,93,5
8.0,100.0,0.0,24.0,-6.0,12,-1
6.0,100.0,0.0,24.0,-6.0,81,11
8.0,100.0,0.0,24.0,-6.0,31,22
6.0,100.0,0.0,24.0,-6.0,70,-3
8.0,100.0,0.0,24.0,-6.0,39,7
6.0,100.0,0.0,24.0,-6.0,78,1
8.0,100.0,0.0,24.0,-6.0,40,11
6.0,100.0,0.0,24.0,-6.0,61,12
8.0,100.0,0.0,24.0,-6.0,64,18
6.0,100.0,0.0,24.0,-6.0,48,0
8.0,100.0,0.0,24.0,-6.0,83,-1
6.0,100.0,0.0,24.0,-6.0,91,-4
8.0,100.0,0.0,24.0,-6.0,52,-5
6.0,100.0,0.0,24.0,-6.0,28,-5
8.0,100.0,0.0,24.0,-6.0,39,-4
6.0,100.0,0.0,24.0,-6.0,67,11
8.0,100.0,0.0,24.0,-6.0,17,1
6.0,100.0,0.0,24.0,-6.0,73,-5
8.0,100.0,0.0,24.0,-6.0,80,3
6.0,100.0,0.0,24.0,-6.0,73,-6
8.0,100.0,0.0,24.0,-6.0,72,20
6.0,100.0,0.0,24.0,-6.0,27,-2
8.0,100.0,0.0,24.0,-6.0,47,2
6.0,100.0,0.0,24.0,-6.0,41,4
8.0,100.0,0.0,24.0,-6.0,11,18
6.0,100.0,0.0,24.0,-6.0,5,4
8.0,100.0,0.0,24.0,-6.0,79,10
6.0,100.0,0.0,24.0,-6.0,25,1
8.0,100.0,0.0,24.0,-6.0,94,-2
6.0,100.0,0.0,24.0,-6.0,68,3
8.0,100.0,0.0,24.0,-6.0,19,-6
6.0,100.0,0.0,24.0,-6.0,88,-4
8.0,100.0,0.0,24.0,-6.0,83,-3
6.0,100.0,0.0,24.0,-6.0,84,9
8.0,100.0,0.0,24.0,-6.0,53,19
6.0,100.0,0.0,24.0,-6.0,47,7
8.0,100.0,0.0,24.0,-6.0,4,7
6.0,100.0,0.0,24.0,-6.0,0,16
8.0,100.0,0.0,24.0,-6.0,12,20
6.0,100.0,0.0,24.0,-6.0,65,3
8.0,100.0,0.0,24.0,-6.0,35,8
6.0,100.0,0.0,24.0,-6.0,13,15
8.0,100.0,0.0,24.0,-6.0,72,3
6.0,100.0,0.0,24.0,-6.0,20,11
8.0,100.0,0.0,24.0,-6.0,64,19
6.0,100.0,0.0,24.0,-6.0,28,3
8.0,100.0,0.0,24.0,-6.0,47,19
6.0,100.0,0.0,24.0,-6.0,15,-4
8.0,100.0,0.0,24.0,-6.0,55,16
6.0,100.0,0.0,24.0,-6.0,38,20
8.0,100.0,0.0,24.0,-6.0,31,14
6.0,100.0,0.0,24.0,-6.0,38,-6
8.0,100.0,0.0,24.0,-6.0,86,21
6.0,100.0,0.0,24.0,-6.0,52,17
8.0,100.0,0.0,24.0,-6.0,89,20
6.0,100.0,0.0,24.0,-6.0,82,-3
8.0,100.0,0.0,24.0,-6.0,16,20
6.0,100.0,0.0,24.0,-6.0,96,10
8.0,100.0,0.0,24.0,-6.0,83,22
6.0,100.0,0.0,24.0,-6.0,35,18
8.0,100.0,0.0,24.0,-6.0,89,20
6.0,100.0,0.0,24.0,-6.0,87,4
8.0,100.0,0.0,24.0,-6.0,68,5
6.0,100.0,0.0,24.0,-6.0,14,12
8.0,100.0,0.0,24.0,-6.0,82,-5
6.0,100.0,0.0,24.0,-6.0,68,20
8.0,100.0,0.0,24.0,-6.0,94,23
6.0,100.0,0.0,24.0,-6.0,89,16
8.0,100.0,0.0,24.0,-6.0,51,-6
6.0,100.0,0.0,24.0,-6.0,46,6
8.0,100.0,0.0,24.0,-6.0,45,-5
6.0,100.0,0.0,24.0,-6.0,48,-6
8.0,100.0,0.0,24.0,-6.0,44,10
6.0,100.0,0.0,24.0,-6.0,12,20
8.0,100.0,0.0,24.0,-6.0,72,-2
6.0,100.0,0.0,24.0,-6.0,15,5
8.0,100.0,0.0,24.0,-6.0,55,20
6.0,100.0,0.0,24.0,-6.0,34,1
8.0,100.0,0.0,24.0,-6.0,52,21
6.0,100.0,0.0,24.0,-6.0,8,3
8.0,100.0,0.0,24.0,-6.0,59,21
6.0,100.0,0.0,24.0,-6.0,3,12
8.0,100.0,0.0,24.0,-6.0,75,-4
6.0,100.0,0.0,24.0,-6.0,93,-6
8.0,100.0,0.0,24.0,-6.0,87,20
6.0,100.0,0.0,24.0,-6.0,46,8
8.0,100.0,0.0,24.0,-6.0,90,9
6.0,100.0,0.0,24.0,-6.0,44,-1
8.0,100.0,0.0,24.0,-6.0,73,15
6.0,100.0,0.0,24.0,-6.0,58,-6
8.0,100.0,0.0,24.0,-6.0,72,-1
6.0,100.0,0.0,24.0,-6.0,89,6
8.0,100.0,0.0,24.0,-6.0,41,1
6.0,100.0,0.0,24.0,-6.0,45,20
8.0,100.0,0.0,24.0,-6.0,13,10
6.0,100.0,0.0,24.0,-6.0,11,11
8.0,100.0,0.0,24.0,-6.0,62,-2
6.0,100.0,0.0,24.0,-6.0,94,-4
8.0,100.0,0.0,24.0,-6.0,23,12
6.0,100.0,0.0,24.0,-6.0,58,6
8.0,100.0,0.0,24.0,-6.0,27,9
6.0,100.0,0.0,24.0,-6.0,50,21
8.0,100.0,0.0,24.0,-6.0,50,-6
6.0,100.0,0.0,24.0,-6.0,12,3
8.0,100.0,0.0,24.0,-6.0,73,4
6.0,100.0,0.0,24.0,-6.0,65,2
8.0,100.0,0.0,24.0,-6.0,99,2
6.0,100.0,0.0,24.0,-6.0,40,15
8.0,100.0,0.0,24.0,-6.0,16,10
6.0,100.0,0.0,24.0,-6.0,79,23
8.0,100.0,0.0,24.0,-6.0,47,0
6.0,100.0,0.0,24.0,-6.0,64,18
8.0,100.0,0.0,24.0,-6.0,41,10
6.0,100.0,0.0,24.0,-6.0,18,14
8.0,100.0,0.0,24.0,-6.0,69,-6
6.0,100.0,0.0,24.0,-6.0,63,6
8.0,100.0,0.0,24.0,-6.0,34,13
6.0,100.0,0.0,24.0,-6.0,34,-5
8.0,100.0,0.0,24.0,-6.0,81,14
6.0,100.0,0.0,24.0,-6.0,0,5
8.0,100.0,0.0,24.0,-6.0,29,-4
6.0,100.0,0.0,24.0,-6.0,83,18
8.0,100.0,0.0,24.0,-6.0,67,-4
6.0,100.0,0.0,24.0,-6.0,72,12
8.0,100.0,0.0,24.0,-6.0,19,14
6.0,100.0,0.0,24.0,-6.0,95,9
8.0,100.0,0.0,24.0,-6.0,89,1
6.0,100.0,0.0,24.0,-6.0,83,8
8.0,100.0,0.0,24.0,-6.0,89,21
6.0,100.0,0.0,24.0,-6.0,40,-4
8.0,100.0,0.0,24.0,-6.0,34,10
6.0,100.0,0.0,24.0,-6.0,78,23
8.0,100.0,0.0,24.0,-6.0,40,22
6.0,100.0,0.0,24.0,-6.0,53,19
8.0,100.0,0.0,24.0,-6.0,10,17
6.0,100.0,0.0,24.0,-6.0,51,10
8.0,100.0,0.0,24.0,-6.0,72,1
6.0,100.0,0.0,24.0,-6.0,9,4
8.0,100.0,0.0,24.0,-6.0,78,9
6.0,100.0,0.0,24.0,-6.0,84,-1
8.0,100.0,0.0,24.0,-6.0,62,-6
6.0,100.0,0.0,24.0,-6.0,14,3
8.0,100.0,0.0,24.0,-6.0,30,20
6.0,100.0,0.0,24.0,-6.0,9,-3
8.0,100.0,0.0,24.0,-6.0,1,17
6.0,100.0,0.0,24.0,-6.0,95,10
8.0,100.0,0.0,24.0,-6.0,29,1
6.0,100.0,0.0,24.0,-6.0,48,6
8.0,100.0,0.0,24.0,-6.0,32,9
6.0,100.0,0.0,24.0,-6.0,36,17
8.0,100.0,0.0,24.0,-6.0,2,-1
6.0,100.0,0.0,24.0,-6.0,19,6
8.0,100.0,0.0,24.0,-6.0,81,17
6.0,100.0,0.0,24.0,-6.0,42,7
8.0,100.0,0.0,24.0,-6.0,77,-1
6.0,100.0,0.0,24.0,-6.0,16,7
8.0,100.0,0.0,24.0,-6.0,24,14
6.0,100.0,0.0,24.0,-6.0,99,21
8.0,100.0,0.0,24.0,-6.0,77,15
6.0,100.0,0.0,24.0,-6.0,69,14
8.0,100.0,0.0,24.0,-6.0,8,10
6.0,100.0,0.0,24.0,-6.0,71,-3
8.0,100.0,0.0,24.0,-6.0,34,13
6.0,100.0,0.0,24.0,-6.0,44,23
8.0,100.0,0.0,24.0,-6.0,8,20
6.0,100.0,0.0,24.0,-6.0,65,16
8.0,100.0,0.0,24.0,-6.0,69,-5
6.0,100.0,0.0,24.0,-6.0,91,10
8.0,100.0,0.0,24.0,-6.0,13,-5
6.0,100.0,0.0,24.0,-6.0,13,-6
8.0,100.0,0.0,24.0,-6.0,78,-1
6.0,100.0,0.0,24.0,-6.0,2,14
8.0,100.0,0.0,24.0,-6.0,2,-5
6.0,100.0,0.0,24.0,-6.0,11,11
8.0,100.0,0.0,24.0,-6.0,29,13
6.0,100.0,0.0,24.0,-6.0,78,15
8.0,100.0,0.0,24.0,-6.0,39,-4
6.0,100.0,0.0,24.0,-6.0,20,-5
8.0,100.0,0.0,24.0,-6.0,25,13
6.0,100.0,0.0,24.0,-6.0,43,-6
8.0,100.0,0.0,24.0,-6.0,85,12
6.0,100.0,0.0,24.0,-6.0,52,9
8.0,100.0,0.0,24.0,-6.0,9,23
6.0,100.0,0.0,24.0,-6.0,99,-2
8.0,100.0,0.0,24.0,-6.0,8,3
6.0,100.0,0.0,24.0,-6.0,28,17
8.0,100.0,0.0,24.0,-6.0,83,-5
6.0,100.0,0.0,24.0,-6.0,9,10
8.0,100.0,0.0,24.0,-6.0,79,8
6.0,100.0,0.0,24.0,-6.0,35,8
8.0,100.0,0.0,24.0,-6.0,89,9
6.0,100.0,0.0,24.0,-6.0,36,4
8.0,100.0,0.0,24.0,-6.0,26,0
6.0,100.0,0.0,24.0,-6.0,33,-4
8.0,100.0,0.0,24.0,-6.0,55,16
6.0,100.0,0.0,24.0,-6.0,82,21
8.0,100.0,0.0,24.0,-6.0,63,6
6.0,100.0,0.0,24.0,-6.0,88,9
8.0,100.0,0.0,24.0,-6.0,27,22
6.0,100.0,0.0,24.0,-6.0,40,23
8.0,100.0,0.0,24.0,-6.0,16,18
6.0,100.0,0.0,24.0,-6.0,44,6
8.0,100.0,0.0,24.0,-6.0,2,1
6.0,100.0,0.0,24.0,-6.0,94,1
8.0,100.0,0.0,24.0,-6.0,39,-4
6.0,100.0,0.0,24.0,-6.0,97,18
8.0,100.0,0.0,24.0,-6.0,53,18
6.0,100.0,0.0,24.0,-6.0,94,19
8.0,100.0,0.0,24.0,-6.0,35,7
6.0,100.0,0.0,24.0,-6.0,51,16
8.0,100.0,0.0,24.0,-6.0,52,19
6.0,100.0,0.0,24.0,-6.0,79,19
8.0,100.0,0.0,24.0,-6.0,80,13
6.0,100.0,0.0,24.0,-6.0,55,20
8.0,100.0,0.0,24.0,-6.0,53,15
6.0,100.0,0.0,24.0,-6.0,53,20
8.0,100.0,0.0,24.0,-6.0,37,8
6.0,100.0,0.0,24.0,-6.0,12,16
8.0,100.0,0.0,24.0,-6.0,92,23
6.0,100.0,0.0,24.0,-6.0,69,10
8.0,100.0,0.0,24.0,-6.0,51,-6
6.0,100.0,0.0,24.0,-6.0,56,0
8.0,100.0,0.0,24.0,-6.0,35,17
6.0,100.0,0.0,24.0,-6.0,70,6
8.0,100.0,0.0,24.0,-6.0,61,6
6.0,100.0,0.0,24.0,-6.0,13,-3
8.0,100.0,0.0,24.0,-6.0,29,3
6.0,100.0,0.0,24.0,-6.0,92,8
8.0,100.0,0.0,24.0,-6.0,2,-3
6.0,100.0,0.0,24.0,-6.0,1,4
8.0,100.0,0.0,24.0,-6.0,95,4
6.0,100.0,0.0,24.0,-6.0,17,-3
8.0,100.0,0.0,24.0,-6.0,43,17
6.0,100.0,0.0,24.0,-6.0,92,23
8.0,100.0,0.0,24.0,-6.0,11,10
6.0,100.0,0.0,24.0,-6.0,96,-6
8.0,100.0,0.0,24.0,-6.0,27,-5
6.0,100.0,0.0,24.0,-6.0,98,2
8.0,100.0,0.0,24.0,-6.0,16,-5
6.0,100.0,0.0,24.0,-6.0,55,11
8.0,100.0,0.0,24.0,-6.0,53,5
6.0,100.0,0.0,24.0,-6.0,25,4
8.0,100.0,0.0,24.0,-6.0,55,17
6.0,100.0,0.0,24.0,-6.0,47,0
8.0,100.0,0.0,24.0,-6.0,31,3
6.0,100.0,0.0,24.0,-6.0,81,-4
8.0,100.0,0.0,24.0,-6.0,91,13
6.0,100.0,0.0,24.0,-6.0,31,1
8.0,100.0,0.0,24.0,-6.0,29,11
6.0,100.0,0.0,24.0,-6.0,51,1
8.0,100.0,0.0,24.0,-6.0,63,6
6.0,100.0,0.0,24.0,-6.0,15,15
8.0,100.0,0.0,24.0,-6.0,98,-3
6.0,100.0,0.0,24.0,-6.0,12,10
8.0,100.0,0.0,24.0,-6.0,50,-4
6.0,100.0,0.0,24.0,-6.0,64,3
8.0,100.0,0.0,24.0,-6.0,28,12
6.0,100.0,0.0,24.0,-6.0,29,-1
8.0,100.0,0.0,24.0,-6.0,92,17
6.0,100.0,0.0,24.0,-6.0,97,4
8.0,100.0,0.0,24.0,-6.0,0,5
6.0,100.0,0.0,24.0,-6.0,29,9
8.0,100.0,0.0,24.0,-6.0,8,14
6.0,100.0,0.0,24.0,-6.0,80,-3
8.0,100.0,0.0,24.0,-6.0,48,7
6.0,100.0,0.0,24.0,-6.0,98,1
8.0,100.0,0.0,24.0,-6.0,74,15
6.0,100.0,0.0,24.0,-6.0,71,14
8.0,100.0,0.0,24.0,-6.0,82,-1
6.0,100.0,0.0,24.0,-6.0,66,21
8.0,100.0,0.0,24.0,-6.0,28,1
6.0,100.0,0.0,24.0,-6.0,80,15
8.0,100.0,0.0,24.0,-6.0,10,-1
6.0,100.0,0.0,24.0,-6.0,24,22
8.0,100.0,0.0,24.0,-6.0,69,19
6.0,100.0,0.0,24.0,-6.0,64,-5
8.0,100.0,0.0,24.0,-6.0,18,0
6.0,100.0,0.0,24.0,-6.0,59,22
8.0,100.0,0.0,24.0,-6.0,33,15
6.0,100.0,0.0,24.0,-6.0,79,3
8.0,100.0,0.0,24.0,-6.0,22,18
6.0,100.0,0.0,24.0,-6.0,80,20
8.0,100.0,0.0,24.0,-6.0,22,17
6.0,100.0,0.0,24.0,-6.0,56,12
8.0,100.0,0.0,24.0,-6.0,20,1
6.0,100.0,0.0,24.0,-6.0,51,-3
8.0,100.0,0.0,24.0,-6.0,93,4
6.0,100.0,0.0,24.0,-6.0,10,21
8.0,100.0,0.0,24.0,-6.0,49,-2
6.0,100.0,0.0,24.0,-6.0,51,21
8.0,100.0,0.0,24.0,-6.0,28,3
6.0,100.0,0.0,24.0,-6.0,31,23
8.0,100.0,0.0,24.0,-6.0,76,10
6.0,100.0,0.0,24.0,-6.0,83,8
8.0,100.0,0.0,24.0,-6.0,47,8
6.0,100.0,0.0,24.0,-6.0,6,-6
8.0,100.0,0.0,24.0,-6.0,62,18
6.0,100.0,0.0,24.0,-6.0,98,10
8.0,100.0,0.0,24.0,-6.0,31,-4
6.0,100.0,0.0,24.0,-6.0,5,-6
8.0,100.0,0.0,24.0,-6.0,37,10
6.0,100.0,0.0,24.0,-6.0,3,13
8.0,100.0,0.0,24.0,-6.0,16,15
6.0,100.0,0.0,24.0,-6.0,47,-4
8.0,100.0,0.0,24.0,-6.0,19,-1
6.0,100.0,0.0,24.0,-6.0,55,9
8.0,100.0,0.0,24.0,-6.0,43,22
6.0,100.0,0.0,24.0,-6.0,41,20
8.0,100.0,0.0,24.0,-6.0,70,21
6.0,100.0,0.0,24.0,-6.0,79,5
8.0,100.0,0.0,24.0,-6.0,50,16
6.0,100.0,0.0,24.0,-6.0,42,16
8.0,100.0,0.0,24.0,-6.0,75,2
6.0,100.0,0.0,24.0,-6.0,28,9
8.0,100.0,0.0,24.0,-6.0,24,8
6.0,100.0,0.0,24.0,-6.0,56,8
8.0,100.0,0.0,24.0,-6.0,25,-2
6.0,100.0,0.0,24.0,-6.0,78,9
8.0,100.0,0.0,24.0,-6.0,31,19
6.0,100.0,0.0,24.0,-6.0,61,6
8.0,100.0,0.0,24.0,-6.0,99,8
6.0,100.0,0.0,24.0,-6.0,74,15
8.0,100.0,0.0,24.0,-6.0,51,-6
6.0,100.0,0.0,24.0,-6.0,90,3
8.0,100.0,0.0,24.0,-6.0,18,5
6.0,100.0,0.0,24.0,-6.0,93,10
8.0,100.0,0.0,24.0,-6.0,8,22
6.0,100.0,0.0,24.0,-6.0,91,-1
8.0,100.0,0.0,24.0,-6.0,57,17
6.0,100.0,0.0,24.0,-6.0,62,3
8.0,100.0,0.0,24.0,-6.0,0,18
6.0,100.0,0.0,24.0,-6.0,84,0
8.0,100.0,0.0,24.0,-6.0,84,-3
6.0,100.0,0.0,24.0,-6.0,23,-2
8.0,100.0,0.0,24.0,-6.0,6,17
6.0,100.0,0.0,24.0,-6.0,6,0
8.0,100.0,0.0,24.0,-6.0,40,4
6.0,100.0,0.0,24.0,-6.0,95,2
8.0,100.0,0.0,24.0,-6.0,88,20
6.0,100.0,0.0,24.0,-6.0,89,20
8.0,100.0,0.0,24.0,-6.0,74,16
6.0,100.0,0.0,24.0,-6.0,48,-3
8.0,100.0,0.0,24.0,-6.0,52,1
6.0,100.0,0.0,24.0,-6.0,3,-2
8.0,100.0,0.0,24.0,-6.0,11,16
6.0,100.0,0.0,24.0,-6.0,84,16
8.0,100.0,0.0,24.0,-6.0,27,14
6.0,100.0,0.0,24.0,-6.0,37,20
8.0,100.0,0.0,24.0,-6.0,41,5
6.0,100.0,0.0,24.0,-6.0,55,-3
8.0,100.0,0.0,24.0,-6.0,39,23
6.0,100.0,0.0,24.0,-6.0,64,15
8.0,100.0,0.0,24.0,-6.0,68,21
6.0,100.0,0.0,24.0,-6.0,40,-6
8.0,100.0,0.0,24.0,-6.0,54,14
6.0,100.0,0.0,24.0,-6.0,30,16
8.0,100.0,0.0,24.0,-6.0,35,21
6.0,100.0,0.0,24.0,-6.0,44,8
8.0,100.0,0.0,24.0,-6.0,74,5
6.0,100.0,0.0,24.0,-6.0,14,9
8.0,100.0,0.0,24.0,-6.0,94,2
6.0,100.0,0.0,24.0,-6.0,97,9
8.0,100.0,0.0,24.0,-6.0,1,-4
6.0,100.0,0.0,24.0,-6.0,78,2
8.0,100.0,0.0,24.0,-6.0,82,14
6.0,100.0,0.0,24.0,-6.0,9,16
8.0,100.0,0.0,24.0,-6.0,55,-6
6.0,100.0,0.0,24.0,-6.0,63,-2
8.0,100.0,0.0,24.0,-6.0,47,23
6.0,100.0,0.0,24.0,-6.0,63,0
8.0,100.0,0.0,24.0,-6.0,2,1
6.0,100.0,0.0,24.0,-6.0,65,-5
8.0,100.0,0.0,24.0,-6.0,19,1
6.0,100.0,0.0,24.0,-6.0,56,1
8.0,100.0,0.0,24.0,-6.0,20,3
6.0,100.0,0.0,24.0,-6.0,2,23
8.0,100.0,0.0,24.0,-6.0,43,0
6.0,100.0,0.0,24.0,-6.0,35,10
8.0,100.0,0.0,24.0,-6.0,76,4
6.0,100.0,0.0,24.0,-6.0,69,4
8.0,100.0,0.0,24.0,-6.0,73,17
6.0,100.0,0.0,24.0,-6.0,99,3
8.0,100.0,0.0,24.0,-6.0,83,-6
6.0,100.0,0.0,24.0,-6.0,77,4
8.0,100.0,0.0,24.0,-6.0,24,9
6.0,100.0,0.0,24.0,-6.0,26,2
8.0,100.0,0.0,24.0,-6.0,83,5
6.0,100.0,0.0,24.0,-6.0,6,10
8.0,100.0,0.0,24.0,-6.0,45,10
6.0,100.0,0.0,24.0,-6.0,8,10
8.0,100.0,0.0,24.0,-6.0,87,12
6.0,100.0,0.0,24.0,-6.0,4,6
8.0,100.0,0.0,24.0,-6.0,98,15
6.0,100.0,0.0,24.0,-6.0,27,13
8.0,100.0,0.0,24.0,-6.0,43,13
6.0,100.0,0.0,24.0,-6.0,54,9
8.0,100.0,0.0,24.0,-6.0,91,3
6.0,100.0,0.0,24.0,-6.0,98,15
8.0,100.0,0.0,24.0,-6.0,28,16
6.0,100.0,0.0,24.0,-6.0,94,-6
8.0,100.0,0.0,24.0,-6.0,76,4
6.0,100.0,0.0,24.0,-6.0,42,15
8.0,100.0,0.0,24.0,-6.0,48,15
6.0,100.0,0.0,24.0,-6.0,90,9
8.0,100.0,0.0,24.0,-6.0,98,21
6.0,100.0,0.0,24.0,-6.0,4,9
8.0,100.0,0.0,24.0,-6.0,68,-5
6.0,100.0,0.0,24.0,-6.0,42,5
8.0,100.0,0.0,24.0,-6.0,40,15
6.0,100.0,0.0,24.0,-6.0,47,10
8.0,100.0,0.0,24.0,-6.0,64,9
6.0,100.0,0.0,24.0,-6.0,96,20
8.0,100.0,0.0,24.0,-6.0,21,11
6.0,100.0,0.0,24.0,-6.0,89,10
8.0,100.0,0.0,24.0,-6.0,93,18
6.0,100.0,0.0,24.0,-6.0,96,10
8.0,100.0,0.0,24.0,-6.0,94,11
6.0,100.0,0.0,24.0,-6.0,88,15
8.0,100.0,0.0,24.0,-6.0,89,-1
6.0,100.0,0.0,24.0,-6.0,87,17
8.0,100.0,0.0,24.0,-6.0,24,10
6.0,100.0,0.0,24.0,-6.0,9,18
8.0,100.0,0.0,24.0,-6.0,14,16
6.0,100.0,0.0,24.0,-6.0,53,11
8.0,100.0,0.0,24.0,-6.0,71,2
6.0,100.0,0.0,24.0,-6.0,64,22
8.0,100.0,0.0,24.0,-6.0,48,3
6.0,100.0,0.0,24.0,-6.0,44,9
8.0,100.0,0.0,24.0,-6.0,69,9
6.0,100.0,0.0,24.0,-6.0,96,14
8.0,100.0,0.0,24.0,-6.0,89,3
6.0,100.0,0.0,24.0,-6.0,52,1
8.0,100.0,0.0,24.0,-6.0,38,17
6.0,100.0,0.0,24.0,-6.0,10,7
8.0,100.0,0.0,24.0,-6.0,42,10
6.0,100.0,0.0,24.0,-6.0,24,6
8.0,100.0,0.0,24.0,-6.0,72,-2
6.0,100.0,0.0,24.0,-6.0,3,18
8.0,100.0,0.0,24.0,-6.0,78,8
6.0,100.0,0.0,24.0,-6.0,28,19
8.0,100.0,0.0,24.0,-6.0,61,22
6.0,100.0,0.0,24.0,-6.0,83,23
8.0,100.0,0.0,24.0,-6.0,17,-5
6.0,100.0,0.0,24.0,-6.0,67,-1
8.0,100.0,0.0,24.0,-6.0,69,0
6.0,100.0,0.0,24.0,-6.0,75,10
8.0,100.0,0.0,24.0,-6.0,31,-3
6.0,100.0,0.0,24.0,-6.0,3,18
8.0,100.0,0.0,24.0,-6.0,13,6
6.0,100.0,0.0,24.0,-6.0,22,-5
8.0,100.0,0.0,24.0,-6.0,49,0
6.0,100.0,0.0,24.0,-6.0,47,23
8.0,100.0,0.0,24.0,-6.0,28,17
6.0,100.0,0.0,24.0,-6.0,93,19
8.0,100.0,0.0,24.0,-6.0,94,3
6.0,100.0,0.0,24.0,-6.0,84,12
8.0,100.0,0.0,24.0,-6.0,6,7
6.0,100.0,0.0,24.0,-6.0,35,-4
8.0,100.0,0.0,24.0,-6.0,85,9
6.0,100.0,0.0,24.0,-6.0,60,17
8.0,100.0,0.0,24.0,-6.0,56,10
6.0,100.0,0.0,24.0,-6.0,85,22
8.0,100.0,0.0,24.0,-6.0,97,16
6.0,100.0,0.0,24.0,-6.0,0,22
8.0,100.0,0.0,24.0,-6.0,84,2
6.0,100.0,0.0,24.0,-6.0,64,10
8.0,100.0,0.0,24.0,-6.0,30,4
6.0,100.0,0.0,24.0,-6.0,19,2
8.0,100.0,0.0,24.0,-6.0,32,3
6.0,100.0,0.0,24.0,-6.0,24,21
8.0,100.0,0.0,24.0,-6.0,60,10
6.0,100.0,0.0,24.0,-6.0,87,-1
8.0,100.0,0.0,24.0,-6.0,54,5
6.0,100.0,0.0,24.0,-6.0,47,-1
8.0,100.0,0.0,24.0,-6.0,18,4
6.0,100.0,0.0,24.0,-6.0,93,10
8.0,100.0,0.0,24.0,-6.0,68,0
6.0,100.0,0.0,24.0,-6.0,8,-5
8.0,100.0,0.0,24.0,-6.0,21,7
6.0,100.0,0.0,24.0,-6.0,53,9
8.0,100.0,0.0,24.0,-6.0,10,-4
6.0,100.0,0.0,24.0,-6.0,53,-6
8.0,100.0,0.0,24.0,-6.0,87,22
6.0,100.0,0.0,24.0,-6.0,37,14
8.0,100.0,0.0,24.0,-6.0,64,19
6.0,100.0,0.0,24.0,-6.0,85,2
8.0,100.0,0.0,24.0,-6.0,46,21
6.0,100.0,0.0,24.0,-6.0,87,10
8.0,100.0,0.0,24.0,-6.0,92,10
6.0,100.0,0.0,24.0,-6.0,61,11
8.0,100.0,0.0,24.0,-6.0,87,1
6.0,100.0,0.0,24.0,-6.0,2,1
8.0,100.0,0.0,24.0,-6.0,92,19
6.0,100.0,0.0,24.0,-6.0,98,4
8.0,100.0,0.0,24.0,-6.0,97,-3
6.0,100.0,0.0,24.0,-6.0,22,-6
8.0,100.0,0.0,24.0,-6.0,23,5
6.0,100.0,0.0,24.0,-6.0,66,15
8.0,100.0,0.0,24.0,-6.0,80,5
6.0,100.0,0.0,24.0,-6.0,83,5
8.0,100.0,0.0,24.0,-6.0,74,15
6.0,100.0,0.0,24.0,-6.0,35,7
8.0,100.0,0.0,24.0,-6.0,60,22
6.0,100.0,0.0,24.0,-6.0,44,22
8.0,100.0,0.0,24.0,-6.0,12,13
6.0,100.0,0.0,24.0,-6.0,57,23
8.0,100.0,0.0,24.0,-6.0,38,4
6.0,100.0,0.0,24.0,-6.0,55,14
8.0,100.0,0.0,24.0,-6.0,75,-5
6.0,100.0,0.0,24.0,-6.0,63,22
8.0,100.0,0.0,24.0,-6.0,3,7
6.0,100.0,0.0,24.0,-6.0,57,-3
8.0,100.0,0.0,24.0,-6.0,23,12
6.0,100.0,0.0,24.0,-6.0,89,4
8.0,100.0,0.0,24.0,-6.0,1,11
6.0,100.0,0.0,24.0,-6.0,89,10
8.0,100.0,0.0,24.0,-6.0,28,22
6.0,100.0,0.0,24.0,-6.0,59,3
8.0,100.0,0.0,24.0,-6.0,90,21
6.0,100.0,0.0,24.0,-6.0,46,9
8.0,100.0,0.0,24.0,-6.0,49,12
6.0,100.0,0.0,24.0,-6.0,53,16
8.0,100.0,0.0,24.0,-6.0,25,19
6.0,100.0,0.0,24.0,-6.0,87,21
8.0,100.0,0.0,24.0,-6.0,16,14
6.0,100.0,0.0,24.0,-6.0,14,23
8.0,100.0,0.0,24.0,-6.0,70,15
6.0,100.0,0.0,24.0,-6.0,10,20
8.0,100.0,0.0,24.0,-6.0,23,8
6.0,100.0,0.0,24.0,-6.0,52,9
8.0,100.0,0.0,24.0,-6.0,53,-4
6.0,100.0,0.0,24.0,-6.0,22,15
8.0,100.0,0.0,24.0,-6.0,77,17
6.0,100.0,0.0,24.0,-6.0,35,4
8.0,100.0,0.0,24.0,-6.0,86,15
6.0,100.0,0.0,24.0,-6.0,0,10
8.0,100.0,0.0,24.0,-6.0,29,-2
6.0,100.0,0.0,24.0,-6.0,55,10
8.0,100.0,0.0,24.0,-6.0,11,14
6.0,100.0,0.0,24.0,-6.0,16,-1
8.0,100.0,0.0,24.0,-6.0,46,11
6.0,100.0,0.0,24.0,-6.0,63,-3
8.0,100.0,0.0,24.0,-6.0,87,8
6.0,100.0,0.0,24.0,-6.0,81,15
8.0,100.0,0.0,24.0,-6.0,49,23
6.0,100.0,0.0,24.0,-6.0,28,11
8.0,100.0,0.0,24.0,-6.0,9,1
6.0,100.0,0.0,24.0,-6.0,20,17
8.0,100.0,0.0,24.0,-6.0,30,18
6.0,100.0,0.0,24.0,-6.0,84,1
8.0,100.0,0.0,24.0,-6.0,39,9
6.0,100.0,0.0,24.0,-6.0,38,12
8.0,100.0,0.0,24.0,-6.0,38,16
6.0,100.0,0.0,24.0,-6.0,94,20
8.0,100.0,0.0,24.0,-6.0,24,18
6.0,100.0,0.0,24.0,-6.0,30,13
8.0,100.0,0.0,24.0,-6.0,69,1
6.0,100.0,0.0,24.0,-6.0,82,8
8.0,100.0,0.0,24.0,-6.0,39,10
6.0,100.0,0.0,24.0,-6.0,41,17
8.0,100.0,0.0,24.0,-6.0,31,6
6.0,100.0,0.0,24.0,-6.0,25,12
8.0,100.0,0.0,24.0,-6.0,35,3
6.0,100.0,0.0,24.0,-6.0,71,17
8.0,100.0,0.0,24.0,-6.0,39,0
6.0,100.0,0.0,24.0,-6.0,55,0
8.0,100.0,0.0,24.0,-6.0,55,18
6.0,100.0,0.0,24.0,-6.0,41,-3
8.0,100.0,0.0,24.0,-6.0,26,12
6.0,100.0,0.0,24.0,-6.0,0,16
8.0,100.0,0.0,24.0,-6.0,36,16
6.0,100.0,0.0,24.0,-6.0,84,21
8.0,100.0,0.0,24.0,-6.0,24,11
6.0,100.0,0.0,24.0,-6.0,12,19
8.0,100.0,0.0,24.0,-6.0,46,0
6.0,100.0,0.0,24.0,-6.0,13,8
8.0,100.0,0.0,24.0,-6.0,69,14
6.0,100.0,0.0,24.0,-6.0,63,5
8.0,100.0,0.0,24.0,-6.0,96,-6
6.0,100.0,0.0,24.0,-6.0,41,7
8.0,100.0,0.0,24.0,-6.0,82,11
6.0,100.0,0.0,24.0,-6.0,14,4
8.0,100.0,0.0,24.0,-6.0,62,5
6.0,100.0,0.0,24.0,-6.0,48,-5
8.0,100.0,0.0,24.0,-6.0,35,9
6.0,100.0,0.0,24.0,-6.0,54,17
8.0,100.0,0.0,24.0,-6.0,13,22
6.0,100.0,0.0,24.0,-6.0,65,3
8.0,100.0,0.0,24.0,-6.0,11,21
6.0,100.0,0.0,24.0,-6.0,73,19
8.0,100.0,0.0,24.0,-6.0,63,20
6.0,100.0,0.0,24.0,-6.0,55,19
8.0,100.0,0.0,24.0,-6.0,15,10
6.0,100.0,0.0,24.0,-6.0,34,18
8.0,100.0,0.0,24.0,-6.0,56,15
6.0,100.0,0.0,24.0,-6.0,79,18
8.0,100.0,0.0,24.0,-6.0,46,21
6.0,100.0,0.0,24.0,-6.0,85,15
8.0,100.0,0.0,24.0,-6.0,56,-2
6.0,100.0,0.0,24.0,-6.0,99,7
8.0,100.0,0.0,24.0,-6.0,67,-1
6.0,100.0,0.0,24.0,-6.0,56,22
8.0,100.0,0.0,24.0,-6.0,6,-2
6.0,100.0,0.0,24.0,-6.0,44,3
8.0,100.0,0.0,24.0,-6.0,96,-6
6.0,100.0,0.0,24.0,-6.0,46,17
8.0,100.0,0.0,24.0,-6.0,76,18
6.0,100.0,0.0,24.0,-6.0,29,-1
8.0,100.0,0.0,24.0,-6.0,48,12
6.0,100.0,0.0,24.0,-6.0,78,5
8.0,100.0,0.0,24.0,-6.0,16,23
6.0,100.0,0.0,24.0,-6.0,23,-5
8.0,100.0,0.0,24.0,-6.0,18,-6
6.0,100.0,0.0,24.0,-6.0,76,23
8.0,100.0,0.0,24.0,-6.0,4,-1
6.0,100.0,0.0,24.0,-6.0,0,-1
8.0,100.0,0.0,24.0,-6.0,72,-1
6.0,100.0,0.0,24.0,-6.0,30,9
8.0,100.0,0.0,24.0,-6.0,31,12
6.0,100.0,0.0,24.0,-6.0,72,-4
8.0,100.0,0.0,24.0,-6.0,29,17
6.0,100.0,0.0,24.0,-6.0,13,-2
8.0,100.0,0.0,24.0,-6.0,97,8
6.0,100.0,0.0,24.0,-6.0,34,6
8.0,100.0,0.0,24.0,-6.0,24,-4
6.0,100.0,0.0,24.0,-6.0,8,7
8.0,100.0,0.0,24.0,-6.0,16,20
6.0,100.0,0.0,24.0,-6.0,92,21
8.0,100.0,0.0,24.0,-6.0,53,3
6.0,100.0,0.0,24.0,-6.0,25,-2
8.0,100.0,0.0,24.0,-6.0,53,-4
6.0,100.0,0.0,24.0,-6.0,87,1
8.0,100.0,0.0,24.0,-6.0,59,16
6.0,100.0,0.0,24.0,-6.0,26,20
8.0,100.0,0.0,24.0,-6.0,49,23
6.0,100.0,0.0,24.0,-6.0,32,19
8.0,100.0,0.0,24.0,-6.0,25,6
6.0,100.0,0.0,24.0,-6.0,18,13
8.0,100.0,0.0,24.0,-6.0,15,17
6.0,100.0,0.0,24.0,-6.0,3,-6
8.0,100.0,0.0,24.0,-6.0,38,-2
6.0,100.0,0.0,24.0,-6.0,62,20
8.0,100.0,0.0,24.0,-6.0,10,-6
6.0,100.0,0.0,24.0,-6.0,2,18
8.0,100.0,0.0,24.0,-6.0,4,14
6.0,100.0,0.0,24.0,-6.0,9,-6
8.0,100.0,0.0,24.0,-6.0,78,19
6.0,100.0,0.0,24.0,-6.0,67,13
8.0,100.0,0.0,24.0,-6.0,61,7
6.0,100.0,0.0,24.0,-6.0,14,18
8.0,100.0,0.0,24.0,-6.0,51,22
6.0,100.0,0.0,24.0,-6.0,19,-6
8.0,100.0,0.0,24.0,-6.0,69,-3
6.0,100.0,0.0,24.0,-6.0,63,14
8.0,100.0,0.0,24.0,-6.0,0,21
6.0,100.0,0.0,24.0,-6.0,28,4
8.0,100.0,0.0,24.0,-6.0,10,22
6.0,100.0,0.0,24.0,-6.0,90,16
8.0,100.0,0.0,24.0,-6.0,47,10
6.0,100.0,0.0,24.0,-6.0,15,-2
8.0,100.0,0.0,24.0,-6.0,30,0
6.0,100.0,0.0,24.0,-6.0,68,-1
8.0,100.0,0.0,24.0,-6.0,14,21
6.0,100.0,0.0,24.0,-6.0,33,-6
8.0,100.0,0.0,24.0,-6.0,31,-4
6.0,100.0,0.0,24.0,-6.0,69,17
8.0,100.0,0.0,24.0,-6.0,76,1
6.0,100.0,0.0,24.0,-6.0,60,8
8.0,100.0,0.0,24.0,-6.0,30,4
6.0,100.0,0.0,24.0,-6.0,23,6
8.0,100.0,0.0,24.0,-6.0,24,6
6.0,100.0,0.0,24.0,-6.0,23,23
8.0,100.0,0.0,24.0,-6.0,53,4
6.0,100.0,0.0,24.0,-6.0,37,12
8.0,100.0,0.0,24.0,-6.0,51,-5
6.0,100.0,0.0,24.0,-6.0,2,12
8.0,100.0,0.0,24.0,-6.0,33,2
6.0,100.0,0.0,24.0,-6.0,65,3
8.0,100.0,0.0,24.0,-6.0,3,22
6.0,100.0,0.0,24.0,-6.0,99,16
8.0,100.0,0.0,24.0,-6.0,49,5
6.0,100.0,0.0,24.0,-6.0,25,-5
8.0,100.0,0.0,24.0,-6.0,43,3
6.0,100.0,0.0,24.0,-6.0,95,7
8.0,100.0,0.0,24.0,-6.0,42,-5
6.0,100.0,0.0,24.0,-6.0,54,21
8.0,100.0,0.0,24.0,-6.0,97,15
6.0,100.0,0.0,24.0,-6.0,91,6
8.0,100.0,0.0,24.0,-6.0,70,9
6.0,100.0,0.0,24.0,-6.0,68,16
8.0,100.0,0.0,24.0,-6.0,35,19
6.0,100.0,0.0,24.0,-6.0,58,10
8.0,100.0,0.0,24.0,-6.0,42,-4
6.0,100.0,0.0,24.0,-6.0,30,2
8.0,100.0,0.0,24.0,-6.0,62,7
6.0,100.0,0.0,24.0,-6.0,39,13
8.0,100.0,0.0,24.0,-6.0,43,17
6.0,100.0,0.0,24.0,-6.0,86,15
8.0,100.0,0.0,24.0,-6.0,26,2
6.0,100.0,0.0,24.0,-6.0,20,18
8.0,100.0,0.0,24.0,-6.0,80,14
6.0,100.0,0.0,24.0,-6.0,33,17
8.0,100.0,0.0,24.0,-6.0,45,7
6.0,100.0,0.0,24.0,-6.0,50,16
8.0,100.0,0.0,24.0,-6.0,1,-3
6.0,100.0,0.0,24.0,-6.0,27,4
8.0,100.0,0.0,24.0,-6.0,40,5
6.0,100.0,0.0,24.0,-6.0,29,17
8.0,100.0,0.0,24.0,-6.0,27,21
6.0,100.0,0.0,24.0,-6.0,11,15
8.0,100.0,0.0,24.0,-6.0,28,22
6.0,100.0,0.0,24.0,-6.0,91,0
8.0,100.0,0.0,24.0,-6.0,68,-5
6.0,100.0,0.0,24.0,-6.0,16,4
8.0,100.0,0.0,24.0,-6.0,9,-6
6.0,100.0,0.0,24.0,-6.0,62,7
8.0,100.0,0.0,24.0,-6.0,71,-2
6.0,100.0,0.0,24.0,-6.0,64,3
8.0,100.0,0.0,24.0,-6.0,96,19
6.0,100.0,0.0,24.0,-6.0,14,13
8.0,100.0,0.0,24.0,-6.0,28,1
6.0,100.0,0.0,24.0,-6.0,85,17
8.0,100.0,0.0,24.0,-6.0,22,-1
6.0,100.0,0.0,24.0,-6.0,35,13
8.0,100.0,0.0,24.0,-6.0,13,23
6.0,100.0,0.0,24.0,-6.0,8,19
8.0,100.0,0.0,24.0,-6.0,10,11
6.0,100.0,0.0,24.0,-6.0,14,21
8.0,100.0,0.0,24.0,-6.0,15,-3
6.0,100.0,0.0,24.0,-6.0,22,4
8.0,100.0,0.0,24.0,-6.0,65,15
6.0,100.0,0.0,24.0,-6.0,61,4
8.0,100.0,0.0,24.0,-6.0,74,18
6.0,100.0,0.0,24.0,-6.0,28,9
8.0,100.0,0.0,24.0,-6.0,89,10
6.0,100.0,0.0,24.0,-6.0,8,0
8.0,100.0,0.0,24.0,-6.0,53,13
6.0,100.0,0.0,24.0,-6.0,63,-3
8.0,100.0,0.0,24.0,-6.0,50,3
6.0,100.0,0.0,24.0,-6.0,43,11
8.0,100.0,0.0,24.0,-6.0,73,12
6.0,100.0,0.0,24.0,-6.0,13,-6
8.0,100.0,0.0,24.0,-6.0,45,1
6.0,100.0,0.0,24.0,-6.0,20,2
8.0,100.0,0.0,24.0,-6.0,72,19
6.0,100.0,0.0,24.0,-6.0,44,2
8.0,100.0,0.0,24.0,-6.0,7,-4
6.0,100.0,0.0,24.0,-6.0,98,13
8.0,100.0,0.0,24.0,-6.0,57,6
6.0,100.0,0.0,24.0,-6.0,70,21
8.0,100.0,0.0,24.0,-6.0,73,-5
6.0,100.0,0.0,24.0,-6.0,85,1
8.0,100.0,0.0,24.0,-6.0,24,3
6.0,100.0,0.0,24.0,-6.0,57,-1
8.0,100.0,0.0,24.0,-6.0,35,0
6.0,100.0,0.0,24.0,-6.0,49,15
8.0,100.0,0.0,24.0,-6.0,22,15
6.0,100.0,0.0,24.0,-6.0,29,-3
8.0,100.0,0.0,24.0,-6.0,63,17
6.0,100.0,0.0,24.0,-6.0,18,11
8.0,100.0,0.0,24.0,-6.0,23,5
6.0,100.0,0.0,24.0,-6.0,89,-5
8.0,100.0,0.0,24.0,-6.0,40,-3
6.0,100.0,0.0,24.0,-6.0,91,5
8.0,100.0,0.0,24.0,-6.0,15,18
6.0,100.0,0.0,24.0,-6.0,80,4
8.0,100.0,0.0,24.0,-6.0,8,16
6.0,100.0,0.0,24.0,-6.0,70,19
8.0,100.0,0.0,24.0,-6.0,38,21
6.0,100.0,0.0,24.0,-6.0,78,19
8.0,100.0,0.0,24.0,-6.0,40,4
6.0,100.0,0.0,24.0,-6.0,11,13
8.0,100.0,0.0,24.0,-6.0,88,9
6.0,100.0,0.0,24.0,-6.0,16,-2
8.0,100.0,0.0,24.0,-6.0,30,-5
6.0,100.0,0.0,24.0,-6.0,56,-3
8.0,100.0,0.0,24.0,-6.0,24,16
6.0,100.0,0.0,24.0,-6.0,50,10
8.0,100.0,0.0,24.0,-6.0,85,-1
6.0,100.0,0.0,24.0,-6.0,40,5
8.0,100.0,0.0,24.0,-6.0,91,4
6.0,100.0,0.0,24.0,-6.0,68,21
8.0,100.0,0.0,24.0,-6.0,4,20
6.0,100.0,0.0,24.0,-6.0,25,-2
8.0,100.0,0.0,24.0,-6.0,12,14
6.0,100.0,0.0,24.0,-6.0,1,22
8.0,100.0,0.0,24.0,-6.0,56,22
6.0,100.0,0.0,24.0,-6.0,24,18
8.0,100.0,0.0,24.0,-6.0,53,2
6.0,100.0,0.0,24.0,-6.0,84,8
8.0,100.0,0.0,24.0,-6.0,25,12
6.0,100.0,0.0,24.0,-6.0,33,23
8.0,100.0,0.0,24.0,-6.0,15,-1
6.0,100.0,0.0,24.0,-6.0,11,-2
8.0,100.0,0.0,24.0,-6.0,82,22
6.0,100.0,0.0,24.0,-6.0,34,11
8.0,100.0,0.0,24.0,-6.0,48,18
6.0,100.0,0.0,24.0,-6.0,10,16
8.0,100.0,0.0,24.0,-6.0,9,18
